[{"__type__":"cc.Prefab","_name":"HoodleBall","data":{"__id__":1}},{"__type__":"cc.Node","_name":"HoodleBall","_children":[{"__id__":2},{"__id__":3}],"_level":1,"_components":[{"__type__":"cc.RigidBody","node":{"__id__":1},"_gravityScale":0,"_linearDamping":2,"_angularDamping":5,"_fixedRotation":true,"enabledContactListener":true,"awakeOnLoad":false},{"__type__":"cc.PhysicsCircleCollider","node":{"__id__":1},"_density":2,"_friction":0.1,"_restitution":1,"_radius":33},{"__type__":"cc.MotionStreak","node":{"__id__":1},"_materials":[{"__uuid__":"ecpdLyjvZBwrvm+cedCcQy"}],"_fadeTime":0.5000000000000004,"_minSeg":0.5,"_stroke":32,"_texture":{"__uuid__":"0b0njQU2hC8KI/0bcgFLvK"}}],"_prefab":{"__type__":"cc.PrefabInfo","root":{"__id__":1},"asset":{"__uuid__":"bamS1L1f1FpLT5NZzu7/zh"},"fileId":"afk+0NwVlLK5FoSpJC76Vf"},"groupIndex":2},{"__type__":"cc.Node","_name":"KW_TEXT_NAME","_parent":{"__id__":1},"_level":3,"_components":[{"__type__":"cc.Label","node":{"__id__":2},"_materials":[{"__uuid__":"ecpdLyjvZBwrvm+cedCcQy"}],"_useOriginalSize":false,"_string":"name","_N$string":"name","_fontSize":50,"_N$horizontalAlign":1,"_N$verticalAlign":1}],"_prefab":{"__type__":"cc.PrefabInfo","root":{"__id__":1},"asset":{"__uuid__":"bamS1L1f1FpLT5NZzu7/zh"},"fileId":"47Gw9ecQZG7J1EVfSceJgs"},"_contentSize":{"__type__":"cc.Size","width":125.07,"height":50.4},"_position":{"__type__":"cc.Vec3","y":-71.064}},{"__type__":"cc.Node","_name":"KW_IMG_HEAD","_parent":{"__id__":1},"_level":2,"_components":[{"__type__":"cc.Sprite","node":{"__id__":3},"_materials":[{"__uuid__":"ecpdLyjvZBwrvm+cedCcQy"}],"_spriteFrame":{"__uuid__":"feHqrFvtlAfaInx+q2uJ+7"},"_sizeMode":0}],"_prefab":{"__type__":"cc.PrefabInfo","root":{"__id__":1},"asset":{"__uuid__":"bamS1L1f1FpLT5NZzu7/zh"},"fileId":"c8GlczX11IX59vB7qVCWrX"},"_contentSize":{"__type__":"cc.Size","width":65,"height":65}}]