[{"__type__":"cc.Prefab","_name":"DialogWeakHint","data":{"__id__":1}},{"__type__":"cc.Node","_name":"DialogWeakHint","_children":[{"__id__":2},{"__id__":3}],"_level":1,"_components":[{"__type__":"cc.Sprite","node":{"__id__":1},"_materials":[{"__uuid__":"ecpdLyjvZBwrvm+cedCcQy"}],"_spriteFrame":{"__uuid__":"9bvaMerUlDyary99mJa6xp"},"_type":3,"_sizeMode":0},{"__type__":"cc.Layout","node":{"__id__":1},"_layoutSize":{"__type__":"cc.Size","width":1080,"height":1920}},{"__type__":"cc.Widget","node":{"__id__":1},"_alignFlags":45,"_originalWidth":960,"_originalHeight":300}],"_prefab":{"__type__":"cc.PrefabInfo","root":{"__id__":1},"asset":{"__uuid__":"69RCeKQQ9EIqzWoB55yEyf"},"fileId":"632XwjzEpGvqao9e/BugmL"},"_color":{"__type__":"cc.Color"},"_contentSize":{"__type__":"cc.Size","width":1080,"height":1920},"_position":{"__type__":"cc.Vec3","x":540,"y":960}},{"__type__":"cc.Node","_name":"KW_UI_BACKGROUND","_parent":{"__id__":1},"_level":2,"_components":[{"__type__":"cc.Sprite","node":{"__id__":2},"_materials":[{"__uuid__":"ecpdLyjvZBwrvm+cedCcQy"}],"_spriteFrame":{"__uuid__":"0f8HPR54JDKrDiWArL97zv"},"_type":1,"_sizeMode":0},{"__type__":"cc.Widget","node":{"__id__":2},"_alignFlags":4,"_left":440,"_right":440,"_bottom":91.23000000000002,"_originalWidth":200}],"_prefab":{"__type__":"cc.PrefabInfo","root":{"__id__":1},"asset":{"__uuid__":"69RCeKQQ9EIqzWoB55yEyf"},"fileId":"9ejZZ1s1FD3KnB159KP1fc"},"_contentSize":{"__type__":"cc.Size","width":200,"height":80},"_position":{"__type__":"cc.Vec3","y":-828.77}},{"__type__":"cc.Node","_name":"KW_TEXT_WEAK_HINT","_parent":{"__id__":1},"_level":2,"_components":[{"__type__":"cc.Label","node":{"__id__":3},"_materials":[{"__uuid__":"ecpdLyjvZBwrvm+cedCcQy"}],"_useOriginalSize":false,"_string":"你好啊","_N$string":"你好啊","_fontSize":30,"_N$horizontalAlign":1,"_N$verticalAlign":1},{"__type__":"cc.Widget","node":{"__id__":3},"_alignFlags":4,"_left":495,"_right":495,"_bottom":106.02999999999997,"_originalWidth":90}],"_prefab":{"__type__":"cc.PrefabInfo","root":{"__id__":1},"asset":{"__uuid__":"69RCeKQQ9EIqzWoB55yEyf"},"fileId":"1c5axd2SNGzr7SMT9OkoZx"},"_color":{"__type__":"cc.Color","r":246,"g":252,"b":246},"_contentSize":{"__type__":"cc.Size","width":90,"height":50.4},"_position":{"__type__":"cc.Vec3","y":-828.77}}]