[{"__type__":"cc.Prefab","_name":"PrefabUserInfo","data":{"__id__":1}},{"__type__":"cc.Node","_name":"PrefabUserInfo","_children":[{"__id__":2},{"__id__":3},{"__id__":4},{"__id__":5},{"__id__":6},{"__id__":7}],"_level":1,"_components":[{"__type__":"cc.Layout","node":{"__id__":1},"_layoutSize":{"__type__":"cc.Size","width":200,"height":100}}],"_prefab":{"__type__":"cc.PrefabInfo","root":{"__id__":1},"asset":{"__uuid__":"99Ny1sHkZKs7gFOvQl5wnI"},"fileId":"6fv/fdGM9MWYuelqU/UniG"},"_contentSize":{"__type__":"cc.Size","width":200,"height":100},"_position":{"__type__":"cc.Vec3","x":-348,"y":673.843},"_scale":{"__type__":"cc.Vec3","x":1.5,"y":1.5,"z":1}},{"__type__":"cc.Node","_name":"KW_IMG_HEAD","_parent":{"__id__":1},"_level":3,"_components":[{"__type__":"cc.Sprite","node":{"__id__":2},"_materials":[{"__uuid__":"ecpdLyjvZBwrvm+cedCcQy"}],"_spriteFrame":{"__uuid__":"c0VWDBACVOtbhLmvMvadlt"}}],"_prefab":{"__type__":"cc.PrefabInfo","root":{"__id__":1},"asset":{"__uuid__":"99Ny1sHkZKs7gFOvQl5wnI"},"fileId":"393rWYwmhL2q6jVSzDAOVv"},"_contentSize":{"__type__":"cc.Size","width":103,"height":103}},{"__type__":"cc.Node","_name":"KW_TEXT_NAME","_parent":{"__id__":1},"_level":3,"_components":[{"__type__":"cc.Label","node":{"__id__":3},"_materials":[{"__uuid__":"ecpdLyjvZBwrvm+cedCcQy"}],"_useOriginalSize":false,"_string":"小玩家","_N$string":"小玩家","_fontSize":20,"_N$horizontalAlign":1,"_N$verticalAlign":1}],"_prefab":{"__type__":"cc.PrefabInfo","root":{"__id__":1},"asset":{"__uuid__":"99Ny1sHkZKs7gFOvQl5wnI"},"fileId":"bfB4K+tNlEQboqJrTsJ5Vb"},"_contentSize":{"__type__":"cc.Size","width":60,"height":50.4},"_position":{"__type__":"cc.Vec3","x":-4,"y":-66}},{"__type__":"cc.Node","_name":"KW_TEXT_GOLD","_parent":{"__id__":1},"_active":false,"_level":3,"_components":[{"__type__":"cc.Label","node":{"__id__":4},"_materials":[{"__uuid__":"ecpdLyjvZBwrvm+cedCcQy"}],"_useOriginalSize":false,"_string":"1000","_N$string":"1000","_fontSize":20,"_N$horizontalAlign":1,"_N$verticalAlign":1}],"_prefab":{"__type__":"cc.PrefabInfo","root":{"__id__":1},"asset":{"__uuid__":"99Ny1sHkZKs7gFOvQl5wnI"},"fileId":"bbPVKYawBNfJ99CVR0juyW"},"_color":{"__type__":"cc.Color","r":255,"g":165},"_contentSize":{"__type__":"cc.Size","width":44.49,"height":50.4},"_position":{"__type__":"cc.Vec3","x":-4,"y":-89.6}},{"__type__":"cc.Node","_name":"KW_IMG_OFFINLE","_parent":{"__id__":1},"_active":false,"_level":3,"_components":[{"__type__":"cc.Sprite","node":{"__id__":5},"_materials":[{"__uuid__":"ecpdLyjvZBwrvm+cedCcQy"}],"_spriteFrame":{"__uuid__":"b9z0NR3KdE+qaDwFpO0iRU"}}],"_prefab":{"__type__":"cc.PrefabInfo","root":{"__id__":1},"asset":{"__uuid__":"99Ny1sHkZKs7gFOvQl5wnI"},"fileId":"b71GExB6VLToPTe/RP3OOC"},"_contentSize":{"__type__":"cc.Size","width":116,"height":63}},{"__type__":"cc.Node","_name":"KW_IMG_MASTER","_parent":{"__id__":1},"_active":false,"_level":3,"_components":[{"__type__":"cc.Sprite","node":{"__id__":6},"_materials":[{"__uuid__":"ecpdLyjvZBwrvm+cedCcQy"}],"_spriteFrame":{"__uuid__":"dfZgkUJRlPEIhE8GiQyP6N"}}],"_prefab":{"__type__":"cc.PrefabInfo","root":{"__id__":1},"asset":{"__uuid__":"99Ny1sHkZKs7gFOvQl5wnI"},"fileId":"5a+R82peBGb5BsDhIjd9j8"},"_contentSize":{"__type__":"cc.Size","width":95,"height":38},"_position":{"__type__":"cc.Vec3","y":58.602}},{"__type__":"cc.Node","_name":"KW_IMG_READY","_parent":{"__id__":1},"_active":false,"_level":3,"_components":[{"__type__":"cc.Sprite","node":{"__id__":7},"_materials":[{"__uuid__":"ecpdLyjvZBwrvm+cedCcQy"}],"_spriteFrame":{"__uuid__":"337LPZxqFHQZ+6ew+elbeM"}}],"_prefab":{"__type__":"cc.PrefabInfo","root":{"__id__":1},"asset":{"__uuid__":"99Ny1sHkZKs7gFOvQl5wnI"},"fileId":"20r00TYqdJKJpD0WjkEhYk"},"_contentSize":{"__type__":"cc.Size","width":121,"height":62},"_position":{"__type__":"cc.Vec3","x":-8.891,"y":-130}}]