[{"__type__":"cc.Prefab","_name":"LoginUI","data":{"__id__":1}},{"__type__":"cc.Node","_name":"LoginUI","_children":[{"__id__":2},{"__id__":3},{"__id__":24},{"__id__":50},{"__id__":52},{"__id__":53}],"_level":1,"_components":[{"__type__":"cc.Widget","node":{"__id__":1},"_alignFlags":45}],"_prefab":{"__type__":"cc.PrefabInfo","root":{"__id__":1},"asset":{"__uuid__":"dehQv52IVCNK1wtg+V0mSK"},"fileId":"919izvyfhNpbCSIsuGnioC"},"_contentSize":{"__type__":"cc.Size","width":1080,"height":1920},"_position":{"__type__":"cc.Vec3","x":540,"y":960}},{"__type__":"cc.Node","_name":"KW_IMG_BG","_parent":{"__id__":1},"_level":3,"_components":[{"__type__":"cc.Sprite","node":{"__id__":2},"_materials":[{"__uuid__":"ecpdLyjvZBwrvm+cedCcQy"}],"_spriteFrame":{"__uuid__":"83BgBgtptHc5XRzX+ymFUm"},"_sizeMode":0},{"__type__":"cc.Widget","node":{"__id__":2},"_alignFlags":45,"_originalWidth":1280,"_originalHeight":720}],"_prefab":{"__type__":"cc.PrefabInfo","root":{"__id__":1},"asset":{"__uuid__":"dehQv52IVCNK1wtg+V0mSK"},"fileId":"73CTllynBAILrEuRfo1PPy"},"_contentSize":{"__type__":"cc.Size","width":1080,"height":1920}},{"__type__":"cc.Node","_name":"KW_IMG_LOGIN_BG","_parent":{"__id__":1},"_children":[{"__id__":4},{"__id__":11},{"__id__":18},{"__id__":19},{"__id__":21}],"_level":2,"_components":[{"__type__":"cc.Sprite","node":{"__id__":3},"_materials":[{"__uuid__":"ecpdLyjvZBwrvm+cedCcQy"}],"_spriteFrame":{"__uuid__":"89RvlpXHNHNYL3ucJPQMH0"},"_sizeMode":0},{"__type__":"cc.Widget","node":{"__id__":3}}],"_prefab":{"__type__":"cc.PrefabInfo","root":{"__id__":1},"asset":{"__uuid__":"dehQv52IVCNK1wtg+V0mSK"},"fileId":"ae+X50x21IVq9gwqxoOrgc"},"_contentSize":{"__type__":"cc.Size","width":600,"height":400},"_position":{"__type__":"cc.Vec3","y":75},"_scale":{"__type__":"cc.Vec3","x":1.5,"y":1.5,"z":1}},{"__type__":"cc.Node","_name":"KW_INPUT_ACCOUNT","_parent":{"__id__":3},"_children":[{"__id__":5},{"__id__":7},{"__id__":9}],"_level":2,"_components":[{"__type__":"cc.EditBox","node":{"__id__":4},"_useOriginalSize":false,"_N$textLabel":{"__id__":8},"_N$placeholderLabel":{"__id__":10},"_N$background":{"__id__":6},"_N$inputMode":6}],"_prefab":{"__type__":"cc.PrefabInfo","root":{"__id__":1},"asset":{"__uuid__":"dehQv52IVCNK1wtg+V0mSK"},"fileId":"8cAOxQHo9CeZgsOzGiS/Y/"},"_contentSize":{"__type__":"cc.Size","width":300,"height":60},"_position":{"__type__":"cc.Vec3","x":4.003,"y":41.02}},{"__type__":"cc.Node","_name":"BACKGROUND_SPRITE","_parent":{"__id__":4},"_level":2,"_components":[{"__id__":6},{"__type__":"cc.Widget","node":{"__id__":5},"alignMode":0,"_alignFlags":45,"_originalWidth":160,"_originalHeight":40}],"_prefab":{"__type__":"cc.PrefabInfo","root":{"__id__":1},"asset":{"__uuid__":"dehQv52IVCNK1wtg+V0mSK"},"fileId":"cd+5e5ANBHNYaR9G4BoZb8"},"_contentSize":{"__type__":"cc.Size","width":300,"height":60}},{"__type__":"cc.Sprite","node":{"__id__":5},"_materials":[{"__uuid__":"ecpdLyjvZBwrvm+cedCcQy"}],"_spriteFrame":{"__uuid__":"0e+yJL115MZ71X8c/SyeAH"},"_type":1,"_sizeMode":0},{"__type__":"cc.Node","_name":"TEXT_LABEL","_parent":{"__id__":4},"_active":false,"_level":2,"_components":[{"__id__":8},{"__type__":"cc.Widget","node":{"__id__":7},"alignMode":0,"_alignFlags":45,"_left":7,"_right":-5,"_originalWidth":158,"_originalHeight":40}],"_prefab":{"__type__":"cc.PrefabInfo","root":{"__id__":1},"asset":{"__uuid__":"dehQv52IVCNK1wtg+V0mSK"},"fileId":"72jDUkVF5G/4R1QkEzAkUU"},"_contentSize":{"__type__":"cc.Size","width":298,"height":60},"_anchorPoint":{"__type__":"cc.Vec2","y":1},"_position":{"__type__":"cc.Vec3","x":-143,"y":30}},{"__type__":"cc.Label","node":{"__id__":7},"_materials":[{"__uuid__":"ecpdLyjvZBwrvm+cedCcQy"}],"_fontSize":25,"_lineHeight":25,"_enableWrapText":false,"_N$verticalAlign":1,"_N$overflow":1},{"__type__":"cc.Node","_name":"PLACEHOLDER_LABEL","_parent":{"__id__":4},"_level":2,"_components":[{"__id__":10},{"__type__":"cc.Widget","node":{"__id__":9},"alignMode":0,"_alignFlags":45,"_left":10,"_right":-8,"_originalWidth":158,"_originalHeight":40}],"_prefab":{"__type__":"cc.PrefabInfo","root":{"__id__":1},"asset":{"__uuid__":"dehQv52IVCNK1wtg+V0mSK"},"fileId":"calQgQwZdGK6nc45uY7tOa"},"_color":{"__type__":"cc.Color","r":187,"g":187,"b":187},"_contentSize":{"__type__":"cc.Size","width":298,"height":60},"_anchorPoint":{"__type__":"cc.Vec2","y":1},"_position":{"__type__":"cc.Vec3","x":-140,"y":30}},{"__type__":"cc.Label","node":{"__id__":9},"_materials":[{"__uuid__":"ecpdLyjvZBwrvm+cedCcQy"}],"_string":"输入账号","_N$string":"输入账号","_fontSize":25,"_lineHeight":25,"_enableWrapText":false,"_N$verticalAlign":1,"_N$overflow":1},{"__type__":"cc.Node","_name":"KW_INPUT_PWD","_parent":{"__id__":3},"_children":[{"__id__":12},{"__id__":14},{"__id__":16}],"_level":2,"_components":[{"__type__":"cc.EditBox","node":{"__id__":11},"_useOriginalSize":false,"_N$textLabel":{"__id__":15},"_N$placeholderLabel":{"__id__":17},"_N$background":{"__id__":13},"_N$inputMode":6}],"_prefab":{"__type__":"cc.PrefabInfo","root":{"__id__":1},"asset":{"__uuid__":"dehQv52IVCNK1wtg+V0mSK"},"fileId":"b2f1FsuRNMBoaALnSgAGjD"},"_contentSize":{"__type__":"cc.Size","width":300,"height":60},"_position":{"__type__":"cc.Vec3","x":4.003,"y":-36.98}},{"__type__":"cc.Node","_name":"BACKGROUND_SPRITE","_parent":{"__id__":11},"_level":2,"_components":[{"__id__":13},{"__type__":"cc.Widget","node":{"__id__":12},"alignMode":0,"_alignFlags":45,"_originalWidth":160,"_originalHeight":40}],"_prefab":{"__type__":"cc.PrefabInfo","root":{"__id__":1},"asset":{"__uuid__":"dehQv52IVCNK1wtg+V0mSK"},"fileId":"d7YbhzoCZOo4JodzowOwYN"},"_contentSize":{"__type__":"cc.Size","width":300,"height":60}},{"__type__":"cc.Sprite","node":{"__id__":12},"_materials":[{"__uuid__":"ecpdLyjvZBwrvm+cedCcQy"}],"_spriteFrame":{"__uuid__":"0e+yJL115MZ71X8c/SyeAH"},"_type":1,"_sizeMode":0},{"__type__":"cc.Node","_name":"TEXT_LABEL","_parent":{"__id__":11},"_active":false,"_level":2,"_components":[{"__id__":15},{"__type__":"cc.Widget","node":{"__id__":14},"alignMode":0,"_alignFlags":45,"_left":7,"_right":-5,"_originalWidth":158,"_originalHeight":40}],"_prefab":{"__type__":"cc.PrefabInfo","root":{"__id__":1},"asset":{"__uuid__":"dehQv52IVCNK1wtg+V0mSK"},"fileId":"89OjsKELpHDKVGs3TXUxNE"},"_contentSize":{"__type__":"cc.Size","width":298,"height":60},"_anchorPoint":{"__type__":"cc.Vec2","y":1},"_position":{"__type__":"cc.Vec3","x":-143,"y":30}},{"__type__":"cc.Label","node":{"__id__":14},"_materials":[{"__uuid__":"ecpdLyjvZBwrvm+cedCcQy"}],"_fontSize":25,"_lineHeight":25,"_enableWrapText":false,"_N$verticalAlign":1,"_N$overflow":1},{"__type__":"cc.Node","_name":"PLACEHOLDER_LABEL","_parent":{"__id__":11},"_level":2,"_components":[{"__id__":17},{"__type__":"cc.Widget","node":{"__id__":16},"alignMode":0,"_alignFlags":45,"_left":8,"_right":-6,"_originalWidth":158,"_originalHeight":40}],"_prefab":{"__type__":"cc.PrefabInfo","root":{"__id__":1},"asset":{"__uuid__":"dehQv52IVCNK1wtg+V0mSK"},"fileId":"0e9eaWJedGGINZcwQzsyCc"},"_color":{"__type__":"cc.Color","r":187,"g":187,"b":187},"_contentSize":{"__type__":"cc.Size","width":298,"height":60},"_anchorPoint":{"__type__":"cc.Vec2","y":1},"_position":{"__type__":"cc.Vec3","x":-142,"y":30}},{"__type__":"cc.Label","node":{"__id__":16},"_materials":[{"__uuid__":"ecpdLyjvZBwrvm+cedCcQy"}],"_string":"输入密码","_N$string":"输入密码","_fontSize":25,"_lineHeight":25,"_enableWrapText":false,"_N$verticalAlign":1,"_N$overflow":1},{"__type__":"cc.Node","_name":"KW_TEXT_LOGIN_TITLE","_parent":{"__id__":3},"_level":3,"_components":[{"__type__":"cc.Label","node":{"__id__":18},"_materials":[{"__uuid__":"ecpdLyjvZBwrvm+cedCcQy"}],"_useOriginalSize":false,"_string":"登录","_N$string":"登录","_fontSize":50,"_N$horizontalAlign":1,"_N$verticalAlign":1}],"_prefab":{"__type__":"cc.PrefabInfo","root":{"__id__":1},"asset":{"__uuid__":"dehQv52IVCNK1wtg+V0mSK"},"fileId":"98VDGQqgBKUIygY9ojtZiK"},"_contentSize":{"__type__":"cc.Size","width":100,"height":50.4},"_position":{"__type__":"cc.Vec3","x":3.825,"y":129.161}},{"__type__":"cc.Node","_name":"KW_BTN_LOGIN","_parent":{"__id__":3},"_children":[{"__id__":20}],"_level":3,"_components":[{"__type__":"cc.Sprite","node":{"__id__":19},"_materials":[{"__uuid__":"ecpdLyjvZBwrvm+cedCcQy"}],"_spriteFrame":{"__uuid__":"afl0aLkaBKsoehL1zI9poV"},"_type":1,"_sizeMode":0,"_isTrimmedMode":false},{"__type__":"cc.Button","node":{"__id__":19},"zoomScale":0.95,"_N$enableAutoGrayEffect":true,"_N$transition":3,"transition":3,"_N$normalSprite":{"__uuid__":"afl0aLkaBKsoehL1zI9poV"},"_N$pressedSprite":{"__uuid__":"1fcJVEmrxBDaUeYjjnsAkQ"},"pressedSprite":{"__uuid__":"1fcJVEmrxBDaUeYjjnsAkQ"},"_N$hoverSprite":{"__uuid__":"afl0aLkaBKsoehL1zI9poV"},"hoverSprite":{"__uuid__":"afl0aLkaBKsoehL1zI9poV"},"_N$disabledSprite":{"__uuid__":"1fcJVEmrxBDaUeYjjnsAkQ"}}],"_prefab":{"__type__":"cc.PrefabInfo","root":{"__id__":1},"asset":{"__uuid__":"dehQv52IVCNK1wtg+V0mSK"},"fileId":"a7JFMwDSFL7YbAxHdxH+Tc"},"_contentSize":{"__type__":"cc.Size","width":260,"height":71},"_position":{"__type__":"cc.Vec3","x":2.644,"y":-125.701}},{"__type__":"cc.Node","_name":"KW_TEXT_LOGIN","_parent":{"__id__":19},"_level":4,"_components":[{"__type__":"cc.Label","node":{"__id__":20},"_materials":[{"__uuid__":"ecpdLyjvZBwrvm+cedCcQy"}],"_useOriginalSize":false,"_string":"登录","_N$string":"登录","_N$horizontalAlign":1,"_N$verticalAlign":1}],"_prefab":{"__type__":"cc.PrefabInfo","root":{"__id__":1},"asset":{"__uuid__":"dehQv52IVCNK1wtg+V0mSK"},"fileId":"4dEUcafkdDdJZAwt5qvNfB"},"_contentSize":{"__type__":"cc.Size","width":80,"height":50.4},"_position":{"__type__":"cc.Vec3","x":9,"y":6}},{"__type__":"cc.Node","_name":"KW_BTN_GOTO_REGIST","_parent":{"__id__":3},"_children":[{"__id__":22}],"_level":3,"_components":[{"__type__":"cc.Button","node":{"__id__":21},"zoomScale":0.95,"_N$transition":3,"transition":3,"_N$normalColor":{"__type__":"cc.Color","r":230,"g":230,"b":230},"_N$pressedColor":{"__type__":"cc.Color","r":200,"g":200,"b":200},"pressedColor":{"__type__":"cc.Color","r":200,"g":200,"b":200},"_N$disabledColor":{"__type__":"cc.Color","r":120,"g":120,"b":120,"a":200},"_N$normalSprite":{"__uuid__":"f0BIwQ8D5Ml7nTNQbh1YlS"},"_N$pressedSprite":{"__uuid__":"e97GVMl6JHh5Ml5qEDdSGa"},"pressedSprite":{"__uuid__":"e97GVMl6JHh5Ml5qEDdSGa"},"_N$hoverSprite":{"__uuid__":"f0BIwQ8D5Ml7nTNQbh1YlS"},"hoverSprite":{"__uuid__":"f0BIwQ8D5Ml7nTNQbh1YlS"},"_N$disabledSprite":{"__uuid__":"29FYIk+N1GYaeWH/q1NxQO"},"_N$target":{"__id__":22}}],"_prefab":{"__type__":"cc.PrefabInfo","root":{"__id__":1},"asset":{"__uuid__":"dehQv52IVCNK1wtg+V0mSK"},"fileId":"caytaiKd1E9bPi6DV0QLI5"},"_contentSize":{"__type__":"cc.Size","width":80,"height":40},"_position":{"__type__":"cc.Vec3","x":236.298,"y":-150.114}},{"__type__":"cc.Node","_name":"Background","_parent":{"__id__":21},"_children":[{"__id__":23}],"_level":2,"_components":[{"__type__":"cc.Sprite","node":{"__id__":22},"_materials":[{"__uuid__":"ecpdLyjvZBwrvm+cedCcQy"}],"_spriteFrame":{"__uuid__":"f0BIwQ8D5Ml7nTNQbh1YlS"},"_type":1,"_sizeMode":0},{"__type__":"cc.Widget","node":{"__id__":22},"alignMode":0,"_alignFlags":45,"_originalWidth":100,"_originalHeight":40}],"_prefab":{"__type__":"cc.PrefabInfo","root":{"__id__":1},"asset":{"__uuid__":"dehQv52IVCNK1wtg+V0mSK"},"fileId":"19lZdFJctLSKJ/aclW/gp8"},"_color":{"__type__":"cc.Color","r":230,"g":230,"b":230},"_contentSize":{"__type__":"cc.Size","width":80,"height":40}},{"__type__":"cc.Node","_name":"Label","_parent":{"__id__":22},"_level":3,"_components":[{"__type__":"cc.Label","node":{"__id__":23},"_materials":[{"__uuid__":"ecpdLyjvZBwrvm+cedCcQy"}],"_useOriginalSize":false,"_string":"注册","_N$string":"注册","_fontSize":25.3,"_enableWrapText":false,"_N$horizontalAlign":1,"_N$verticalAlign":1,"_N$overflow":1}],"_prefab":{"__type__":"cc.PrefabInfo","root":{"__id__":1},"asset":{"__uuid__":"dehQv52IVCNK1wtg+V0mSK"},"fileId":"e2fcAmNuNH1ZBcoh8uaXFs"},"_color":{"__type__":"cc.Color"},"_contentSize":{"__type__":"cc.Size","width":100,"height":40}},{"__type__":"cc.Node","_name":"KW_IMG_REGIST_BG","_parent":{"__id__":1},"_children":[{"__id__":25},{"__id__":32},{"__id__":39},{"__id__":46},{"__id__":47},{"__id__":49}],"_active":false,"_level":2,"_components":[{"__type__":"cc.Sprite","node":{"__id__":24},"_materials":[{"__uuid__":"ecpdLyjvZBwrvm+cedCcQy"}],"_spriteFrame":{"__uuid__":"89RvlpXHNHNYL3ucJPQMH0"},"_sizeMode":0}],"_prefab":{"__type__":"cc.PrefabInfo","root":{"__id__":1},"asset":{"__uuid__":"dehQv52IVCNK1wtg+V0mSK"},"fileId":"843eXK54FIOL/Np/y2/3KA"},"_contentSize":{"__type__":"cc.Size","width":600,"height":400},"_position":{"__type__":"cc.Vec3","y":75},"_scale":{"__type__":"cc.Vec3","x":1.5,"y":1.5,"z":1}},{"__type__":"cc.Node","_name":"KW_INPUT_ACCOUNT","_parent":{"__id__":24},"_children":[{"__id__":26},{"__id__":28},{"__id__":30}],"_level":2,"_components":[{"__type__":"cc.EditBox","node":{"__id__":25},"_useOriginalSize":false,"_N$textLabel":{"__id__":29},"_N$placeholderLabel":{"__id__":31},"_N$background":{"__id__":27},"_N$inputMode":6}],"_prefab":{"__type__":"cc.PrefabInfo","root":{"__id__":1},"asset":{"__uuid__":"dehQv52IVCNK1wtg+V0mSK"},"fileId":"897IOeeVBHxYf4FvQoBb88"},"_contentSize":{"__type__":"cc.Size","width":300,"height":50},"_position":{"__type__":"cc.Vec3","x":6,"y":64}},{"__type__":"cc.Node","_name":"BACKGROUND_SPRITE","_parent":{"__id__":25},"_level":2,"_components":[{"__id__":27},{"__type__":"cc.Widget","node":{"__id__":26},"alignMode":0,"_alignFlags":45,"_originalWidth":160,"_originalHeight":40}],"_prefab":{"__type__":"cc.PrefabInfo","root":{"__id__":1},"asset":{"__uuid__":"dehQv52IVCNK1wtg+V0mSK"},"fileId":"bfS4C0tQNAk4f01LbGm2Ij"},"_contentSize":{"__type__":"cc.Size","width":300,"height":50}},{"__type__":"cc.Sprite","node":{"__id__":26},"_materials":[{"__uuid__":"ecpdLyjvZBwrvm+cedCcQy"}],"_spriteFrame":{"__uuid__":"0e+yJL115MZ71X8c/SyeAH"},"_type":1,"_sizeMode":0},{"__type__":"cc.Node","_name":"TEXT_LABEL","_parent":{"__id__":25},"_active":false,"_level":2,"_components":[{"__id__":29},{"__type__":"cc.Widget","node":{"__id__":28},"alignMode":0,"_alignFlags":45,"_left":2,"_originalWidth":158,"_originalHeight":40}],"_prefab":{"__type__":"cc.PrefabInfo","root":{"__id__":1},"asset":{"__uuid__":"dehQv52IVCNK1wtg+V0mSK"},"fileId":"b9bzKE8D5F2ptZ/CvTCfmb"},"_contentSize":{"__type__":"cc.Size","width":298,"height":50},"_anchorPoint":{"__type__":"cc.Vec2","y":1},"_position":{"__type__":"cc.Vec3","x":-148,"y":25}},{"__type__":"cc.Label","node":{"__id__":28},"_materials":[{"__uuid__":"ecpdLyjvZBwrvm+cedCcQy"}],"_fontSize":25,"_lineHeight":25,"_enableWrapText":false,"_N$verticalAlign":1,"_N$overflow":1},{"__type__":"cc.Node","_name":"PLACEHOLDER_LABEL","_parent":{"__id__":25},"_level":2,"_components":[{"__id__":31},{"__type__":"cc.Widget","node":{"__id__":30},"alignMode":0,"_alignFlags":45,"_left":2,"_originalWidth":158,"_originalHeight":40}],"_prefab":{"__type__":"cc.PrefabInfo","root":{"__id__":1},"asset":{"__uuid__":"dehQv52IVCNK1wtg+V0mSK"},"fileId":"960XsyRoxBeK8xRuPtYrE/"},"_color":{"__type__":"cc.Color","r":187,"g":187,"b":187},"_contentSize":{"__type__":"cc.Size","width":298,"height":50},"_anchorPoint":{"__type__":"cc.Vec2","y":1},"_position":{"__type__":"cc.Vec3","x":-148,"y":25}},{"__type__":"cc.Label","node":{"__id__":30},"_materials":[{"__uuid__":"ecpdLyjvZBwrvm+cedCcQy"}],"_string":"输入账号","_N$string":"输入账号","_fontSize":25,"_lineHeight":25,"_enableWrapText":false,"_N$verticalAlign":1,"_N$overflow":1},{"__type__":"cc.Node","_name":"KW_INPUT_PWD","_parent":{"__id__":24},"_children":[{"__id__":33},{"__id__":35},{"__id__":37}],"_level":2,"_components":[{"__type__":"cc.EditBox","node":{"__id__":32},"_useOriginalSize":false,"_N$textLabel":{"__id__":36},"_N$placeholderLabel":{"__id__":38},"_N$background":{"__id__":34},"_N$inputMode":6}],"_prefab":{"__type__":"cc.PrefabInfo","root":{"__id__":1},"asset":{"__uuid__":"dehQv52IVCNK1wtg+V0mSK"},"fileId":"2eqXHj4hRH9KIn/Ppp6XYz"},"_contentSize":{"__type__":"cc.Size","width":300,"height":50},"_position":{"__type__":"cc.Vec3","x":6,"y":-5}},{"__type__":"cc.Node","_name":"BACKGROUND_SPRITE","_parent":{"__id__":32},"_level":2,"_components":[{"__id__":34},{"__type__":"cc.Widget","node":{"__id__":33},"alignMode":0,"_alignFlags":45,"_originalWidth":160,"_originalHeight":40}],"_prefab":{"__type__":"cc.PrefabInfo","root":{"__id__":1},"asset":{"__uuid__":"dehQv52IVCNK1wtg+V0mSK"},"fileId":"dbfFy8GB1MFIl1kks6H8As"},"_contentSize":{"__type__":"cc.Size","width":300,"height":50}},{"__type__":"cc.Sprite","node":{"__id__":33},"_materials":[{"__uuid__":"ecpdLyjvZBwrvm+cedCcQy"}],"_spriteFrame":{"__uuid__":"0e+yJL115MZ71X8c/SyeAH"},"_type":1,"_sizeMode":0},{"__type__":"cc.Node","_name":"TEXT_LABEL","_parent":{"__id__":32},"_active":false,"_level":2,"_components":[{"__id__":36},{"__type__":"cc.Widget","node":{"__id__":35},"alignMode":0,"_alignFlags":45,"_left":2,"_originalWidth":158,"_originalHeight":40}],"_prefab":{"__type__":"cc.PrefabInfo","root":{"__id__":1},"asset":{"__uuid__":"dehQv52IVCNK1wtg+V0mSK"},"fileId":"0dAdna2cFAWKbDLm6YdkSp"},"_contentSize":{"__type__":"cc.Size","width":158,"height":40},"_anchorPoint":{"__type__":"cc.Vec2","y":1},"_position":{"__type__":"cc.Vec3","x":-78,"y":20}},{"__type__":"cc.Label","node":{"__id__":35},"_fontSize":25,"_lineHeight":25,"_enableWrapText":false,"_N$verticalAlign":1,"_N$overflow":1},{"__type__":"cc.Node","_name":"PLACEHOLDER_LABEL","_parent":{"__id__":32},"_level":2,"_components":[{"__id__":38},{"__type__":"cc.Widget","node":{"__id__":37},"alignMode":0,"_alignFlags":45,"_left":2,"_originalWidth":158,"_originalHeight":40}],"_prefab":{"__type__":"cc.PrefabInfo","root":{"__id__":1},"asset":{"__uuid__":"dehQv52IVCNK1wtg+V0mSK"},"fileId":"d4Rtok1OxCj7FAzxj6curM"},"_color":{"__type__":"cc.Color","r":187,"g":187,"b":187},"_contentSize":{"__type__":"cc.Size","width":298,"height":50},"_anchorPoint":{"__type__":"cc.Vec2","y":1},"_position":{"__type__":"cc.Vec3","x":-148,"y":25}},{"__type__":"cc.Label","node":{"__id__":37},"_materials":[{"__uuid__":"ecpdLyjvZBwrvm+cedCcQy"}],"_string":"输入密码","_N$string":"输入密码","_fontSize":25,"_lineHeight":25,"_enableWrapText":false,"_N$verticalAlign":1,"_N$overflow":1},{"__type__":"cc.Node","_name":"KW_INPUT_PWD_COF","_parent":{"__id__":24},"_children":[{"__id__":40},{"__id__":42},{"__id__":44}],"_level":3,"_components":[{"__type__":"cc.EditBox","node":{"__id__":39},"_useOriginalSize":false,"_N$textLabel":{"__id__":43},"_N$placeholderLabel":{"__id__":45},"_N$background":{"__id__":41},"_N$inputMode":6}],"_prefab":{"__type__":"cc.PrefabInfo","root":{"__id__":1},"asset":{"__uuid__":"dehQv52IVCNK1wtg+V0mSK"},"fileId":"50loR42gpDo7brNp1KrsfY"},"_contentSize":{"__type__":"cc.Size","width":300,"height":50},"_position":{"__type__":"cc.Vec3","x":6,"y":-73}},{"__type__":"cc.Node","_name":"BACKGROUND_SPRITE","_parent":{"__id__":39},"_level":2,"_components":[{"__id__":41},{"__type__":"cc.Widget","node":{"__id__":40},"alignMode":0,"_alignFlags":45,"_originalWidth":160,"_originalHeight":40}],"_prefab":{"__type__":"cc.PrefabInfo","root":{"__id__":1},"asset":{"__uuid__":"dehQv52IVCNK1wtg+V0mSK"},"fileId":"bc+rQ+HXNGiogw7q8XaY02"},"_contentSize":{"__type__":"cc.Size","width":300,"height":50}},{"__type__":"cc.Sprite","node":{"__id__":40},"_materials":[{"__uuid__":"ecpdLyjvZBwrvm+cedCcQy"}],"_spriteFrame":{"__uuid__":"0e+yJL115MZ71X8c/SyeAH"},"_type":1,"_sizeMode":0},{"__type__":"cc.Node","_name":"TEXT_LABEL","_parent":{"__id__":39},"_active":false,"_level":2,"_components":[{"__id__":43},{"__type__":"cc.Widget","node":{"__id__":42},"alignMode":0,"_alignFlags":45,"_left":2,"_originalWidth":158,"_originalHeight":40}],"_prefab":{"__type__":"cc.PrefabInfo","root":{"__id__":1},"asset":{"__uuid__":"dehQv52IVCNK1wtg+V0mSK"},"fileId":"38l9HMdVpOrp4o0NQofEQs"},"_contentSize":{"__type__":"cc.Size","width":158,"height":40},"_anchorPoint":{"__type__":"cc.Vec2","y":1},"_position":{"__type__":"cc.Vec3","x":-78,"y":20}},{"__type__":"cc.Label","node":{"__id__":42},"_fontSize":25,"_lineHeight":25,"_enableWrapText":false,"_N$verticalAlign":1,"_N$overflow":1},{"__type__":"cc.Node","_name":"PLACEHOLDER_LABEL","_parent":{"__id__":39},"_level":2,"_components":[{"__id__":45},{"__type__":"cc.Widget","node":{"__id__":44},"alignMode":0,"_alignFlags":45,"_left":2,"_originalWidth":158,"_originalHeight":40}],"_prefab":{"__type__":"cc.PrefabInfo","root":{"__id__":1},"asset":{"__uuid__":"dehQv52IVCNK1wtg+V0mSK"},"fileId":"1bOLWibsFA0qFVVw6GrupJ"},"_color":{"__type__":"cc.Color","r":187,"g":187,"b":187},"_contentSize":{"__type__":"cc.Size","width":298,"height":50},"_anchorPoint":{"__type__":"cc.Vec2","y":1},"_position":{"__type__":"cc.Vec3","x":-148,"y":25}},{"__type__":"cc.Label","node":{"__id__":44},"_materials":[{"__uuid__":"ecpdLyjvZBwrvm+cedCcQy"}],"_string":"确认密码","_N$string":"确认密码","_fontSize":25,"_lineHeight":25,"_enableWrapText":false,"_N$verticalAlign":1,"_N$overflow":1},{"__type__":"cc.Node","_name":"KW_TEXT_REGIST_TITLE","_parent":{"__id__":24},"_level":3,"_components":[{"__type__":"cc.Label","node":{"__id__":46},"_materials":[{"__uuid__":"ecpdLyjvZBwrvm+cedCcQy"}],"_useOriginalSize":false,"_string":"注册","_N$string":"注册","_fontSize":50,"_N$horizontalAlign":1,"_N$verticalAlign":1}],"_prefab":{"__type__":"cc.PrefabInfo","root":{"__id__":1},"asset":{"__uuid__":"dehQv52IVCNK1wtg+V0mSK"},"fileId":"09LqsUC0ZG2rFcHtF0osiz"},"_contentSize":{"__type__":"cc.Size","width":100,"height":50.4},"_position":{"__type__":"cc.Vec3","x":1.463,"y":139.663}},{"__type__":"cc.Node","_name":"KW_BTN_REGIST","_parent":{"__id__":24},"_children":[{"__id__":48}],"_level":3,"_components":[{"__type__":"cc.Sprite","node":{"__id__":47},"_materials":[{"__uuid__":"ecpdLyjvZBwrvm+cedCcQy"}],"_spriteFrame":{"__uuid__":"afl0aLkaBKsoehL1zI9poV"},"_type":1,"_sizeMode":0,"_isTrimmedMode":false},{"__type__":"cc.Button","node":{"__id__":47},"zoomScale":0.95,"_N$transition":3,"transition":3,"_N$normalSprite":{"__uuid__":"afl0aLkaBKsoehL1zI9poV"},"_N$pressedSprite":{"__uuid__":"1fcJVEmrxBDaUeYjjnsAkQ"},"pressedSprite":{"__uuid__":"1fcJVEmrxBDaUeYjjnsAkQ"},"_N$hoverSprite":{"__uuid__":"afl0aLkaBKsoehL1zI9poV"},"hoverSprite":{"__uuid__":"afl0aLkaBKsoehL1zI9poV"},"_N$disabledSprite":{"__uuid__":"1fcJVEmrxBDaUeYjjnsAkQ"}}],"_prefab":{"__type__":"cc.PrefabInfo","root":{"__id__":1},"asset":{"__uuid__":"dehQv52IVCNK1wtg+V0mSK"},"fileId":"46+aVgAglDN4MDba67OQyM"},"_contentSize":{"__type__":"cc.Size","width":260,"height":71},"_position":{"__type__":"cc.Vec3","x":5.644,"y":-140.701}},{"__type__":"cc.Node","_name":"KW_TEXT_REGIST","_parent":{"__id__":47},"_level":4,"_components":[{"__type__":"cc.Label","node":{"__id__":48},"_materials":[{"__uuid__":"ecpdLyjvZBwrvm+cedCcQy"}],"_useOriginalSize":false,"_string":"注册","_N$string":"注册","_N$horizontalAlign":1,"_N$verticalAlign":1}],"_prefab":{"__type__":"cc.PrefabInfo","root":{"__id__":1},"asset":{"__uuid__":"dehQv52IVCNK1wtg+V0mSK"},"fileId":"e09NzDS6dKp7bMug6YKnPn"},"_contentSize":{"__type__":"cc.Size","width":80,"height":50.4},"_position":{"__type__":"cc.Vec3","x":9,"y":6}},{"__type__":"cc.Node","_name":"KW_BTN_CLOSE","_parent":{"__id__":24},"_level":3,"_components":[{"__type__":"cc.Button","node":{"__id__":49},"zoomScale":0.95,"_N$transition":3,"transition":3,"_N$normalColor":{"__type__":"cc.Color","r":230,"g":230,"b":230},"_N$pressedColor":{"__type__":"cc.Color","r":200,"g":200,"b":200},"pressedColor":{"__type__":"cc.Color","r":200,"g":200,"b":200},"_N$disabledColor":{"__type__":"cc.Color","r":120,"g":120,"b":120,"a":200}},{"__type__":"cc.Sprite","node":{"__id__":49},"_materials":[{"__uuid__":"ecpdLyjvZBwrvm+cedCcQy"}],"_spriteFrame":{"__uuid__":"c8nla5zxRIFJSjCZBf0TJL"},"_sizeMode":0}],"_prefab":{"__type__":"cc.PrefabInfo","root":{"__id__":1},"asset":{"__uuid__":"dehQv52IVCNK1wtg+V0mSK"},"fileId":"96uG6xEAJE+6GdITkmbr4L"},"_contentSize":{"__type__":"cc.Size","width":60,"height":60},"_position":{"__type__":"cc.Vec3","x":262.08,"y":147.374}},{"__type__":"cc.Node","_name":"KW_BTN_GUEST_LOGIN","_parent":{"__id__":1},"_children":[{"__id__":51}],"_level":2,"_components":[{"__type__":"cc.Sprite","node":{"__id__":50},"_materials":[{"__uuid__":"ecpdLyjvZBwrvm+cedCcQy"}],"_spriteFrame":{"__uuid__":"afl0aLkaBKsoehL1zI9poV"},"_type":1,"_sizeMode":0,"_isTrimmedMode":false},{"__type__":"cc.Button","node":{"__id__":50},"zoomScale":0.95,"_N$enableAutoGrayEffect":true,"_N$transition":3,"transition":3,"_N$normalSprite":{"__uuid__":"afl0aLkaBKsoehL1zI9poV"},"_N$pressedSprite":{"__uuid__":"1fcJVEmrxBDaUeYjjnsAkQ"},"pressedSprite":{"__uuid__":"1fcJVEmrxBDaUeYjjnsAkQ"},"_N$hoverSprite":{"__uuid__":"afl0aLkaBKsoehL1zI9poV"},"hoverSprite":{"__uuid__":"afl0aLkaBKsoehL1zI9poV"},"_N$disabledSprite":{"__uuid__":"1fcJVEmrxBDaUeYjjnsAkQ"}}],"_prefab":{"__type__":"cc.PrefabInfo","root":{"__id__":1},"asset":{"__uuid__":"dehQv52IVCNK1wtg+V0mSK"},"fileId":"b7pUuGsN9FI6iX8SQHxv3P"},"_contentSize":{"__type__":"cc.Size","width":260,"height":71},"_position":{"__type__":"cc.Vec3","y":-358.984},"_scale":{"__type__":"cc.Vec3","x":1.5,"y":1.5,"z":1}},{"__type__":"cc.Node","_name":"KW_TEXT_LOGIN","_parent":{"__id__":50},"_level":4,"_components":[{"__type__":"cc.Label","node":{"__id__":51},"_materials":[{"__uuid__":"ecpdLyjvZBwrvm+cedCcQy"}],"_string":"游客登录","_N$string":"游客登录"}],"_prefab":{"__type__":"cc.PrefabInfo","root":{"__id__":1},"asset":{"__uuid__":"dehQv52IVCNK1wtg+V0mSK"},"fileId":"16HbFNrMNATK7k6FUdfFyB"},"_contentSize":{"__type__":"cc.Size","width":160,"height":50.4},"_position":{"__type__":"cc.Vec3","y":6.166}},{"__type__":"cc.Node","_name":"KW_TEXT_VERSION","_parent":{"__id__":1},"_level":2,"_components":[{"__type__":"cc.Label","node":{"__id__":52},"_materials":[{"__uuid__":"ecpdLyjvZBwrvm+cedCcQy"}],"_useOriginalSize":false,"_string":"1.0.0","_N$string":"1.0.0","_fontSize":30,"_N$horizontalAlign":1,"_N$verticalAlign":1},{"__type__":"cc.Widget","node":{"__id__":52},"_alignFlags":36,"_right":19.785999999999945,"_bottom":8.007000000000005}],"_prefab":{"__type__":"cc.PrefabInfo","root":{"__id__":1},"asset":{"__uuid__":"dehQv52IVCNK1wtg+V0mSK"},"fileId":"dfleO9Y1pBwpg/+GWWNccJ"},"_contentSize":{"__type__":"cc.Size","width":66.72,"height":50.4},"_anchorPoint":{"__type__":"cc.Vec2","x":1,"y":0.5},"_position":{"__type__":"cc.Vec3","x":520.214,"y":-926.7929999999999}},{"__type__":"cc.Node","_name":"KW_TEXT_PLATFORM","_parent":{"__id__":1},"_level":2,"_components":[{"__type__":"cc.Label","node":{"__id__":53},"_materials":[{"__uuid__":"ecpdLyjvZBwrvm+cedCcQy"}],"_useOriginalSize":false,"_string":"设备","_N$string":"设备","_fontSize":30,"_N$horizontalAlign":1,"_N$verticalAlign":1},{"__type__":"cc.Widget","node":{"__id__":53},"_alignFlags":12,"_left":16.214999999999918,"_right":1903.785,"_bottom":8.006999999999948}],"_prefab":{"__type__":"cc.PrefabInfo","root":{"__id__":1},"asset":{"__uuid__":"dehQv52IVCNK1wtg+V0mSK"},"fileId":"deDgXeuKJIA75wj3YfJw+u"},"_contentSize":{"__type__":"cc.Size","width":60,"height":50.4},"_anchorPoint":{"__type__":"cc.Vec2","y":0.5},"_position":{"__type__":"cc.Vec3","x":-523.7850000000001,"y":-926.793}}]