[{"__type__":"cc.Prefab","_name":"DialogJoinRoom","data":{"__id__":1}},{"__type__":"cc.Node","_name":"DialogJoinRoom","_children":[{"__id__":2},{"__id__":3}],"_level":1,"_components":[{"__type__":"cc.Sprite","node":{"__id__":1},"_materials":[{"__uuid__":"ecpdLyjvZBwrvm+cedCcQy"}],"_spriteFrame":{"__uuid__":"9bvaMerUlDyary99mJa6xp"},"_type":3,"_sizeMode":0},{"__type__":"cc.Layout","node":{"__id__":1},"_layoutSize":{"__type__":"cc.Size","width":1080,"height":1920}},{"__type__":"cc.Widget","node":{"__id__":1},"_alignFlags":45,"_originalWidth":960,"_originalHeight":300},{"__type__":"cc.BlockInputEvents","node":{"__id__":1}}],"_prefab":{"__type__":"cc.PrefabInfo","root":{"__id__":1},"asset":{"__uuid__":"aeRG+zcIxADJPqMRrYzeS3"},"fileId":"632XwjzEpGvqao9e/BugmL"},"_color":{"__type__":"cc.Color"},"_contentSize":{"__type__":"cc.Size","width":1080,"height":1920},"_position":{"__type__":"cc.Vec3","x":540,"y":960}},{"__type__":"cc.Node","_name":"KW_PANEL_MASK","_parent":{"__id__":1},"_level":2,"_components":[{"__type__":"cc.Sprite","node":{"__id__":2},"_materials":[{"__uuid__":"ecpdLyjvZBwrvm+cedCcQy"}],"_spriteFrame":{"__uuid__":"a2MjXRFdtLlYQ5ouAFv/+R"},"_sizeMode":0},{"__type__":"cc.Widget","node":{"__id__":2},"_alignFlags":45,"_originalWidth":1280,"_originalHeight":720}],"_prefab":{"__type__":"cc.PrefabInfo","root":{"__id__":1},"asset":{"__uuid__":"aeRG+zcIxADJPqMRrYzeS3"},"fileId":"a0PoYCYTRLDax3WwHuf2Gg"},"_opacity":150,"_color":{"__type__":"cc.Color"},"_contentSize":{"__type__":"cc.Size","width":1080,"height":1920}},{"__type__":"cc.Node","_name":"KW_JOIN_ROOM_BG","_parent":{"__id__":1},"_children":[{"__id__":4},{"__id__":6},{"__id__":8},{"__id__":10},{"__id__":12},{"__id__":14},{"__id__":16},{"__id__":18},{"__id__":21},{"__id__":24},{"__id__":26},{"__id__":29},{"__id__":32},{"__id__":35},{"__id__":38},{"__id__":41},{"__id__":44},{"__id__":47},{"__id__":50},{"__id__":53}],"_level":3,"_components":[{"__type__":"cc.Sprite","node":{"__id__":3},"_materials":[{"__uuid__":"ecpdLyjvZBwrvm+cedCcQy"}],"_spriteFrame":{"__uuid__":"e9UDVggP9D9qX+KyZuwqzt"},"_sizeMode":0},{"__type__":"cc.Widget","node":{"__id__":3},"_alignFlags":5,"_left":52.5,"_right":52.5,"_top":445.5,"_bottom":445.5,"_originalWidth":650,"_originalHeight":686}],"_prefab":{"__type__":"cc.PrefabInfo","root":{"__id__":1},"asset":{"__uuid__":"aeRG+zcIxADJPqMRrYzeS3"},"fileId":"e7CuvsH/pAF61o2SBBNoOC"},"_contentSize":{"__type__":"cc.Size","width":650,"height":686},"_scale":{"__type__":"cc.Vec3","x":1.5,"y":1.5,"z":1}},{"__type__":"cc.Node","_name":"KW_IMG_TITLE","_parent":{"__id__":3},"_children":[{"__id__":5}],"_level":4,"_components":[{"__type__":"cc.Sprite","node":{"__id__":4},"_materials":[{"__uuid__":"ecpdLyjvZBwrvm+cedCcQy"}],"_spriteFrame":{"__uuid__":"b2vSKeRCNB9LEkaG8eM0KM"}}],"_prefab":{"__type__":"cc.PrefabInfo","root":{"__id__":1},"asset":{"__uuid__":"aeRG+zcIxADJPqMRrYzeS3"},"fileId":"2eQX+rAYFKhKJYM7ensdme"},"_contentSize":{"__type__":"cc.Size","width":605,"height":117},"_position":{"__type__":"cc.Vec3","x":-3.29,"y":292.966}},{"__type__":"cc.Node","_name":"New Label","_parent":{"__id__":4},"_level":5,"_components":[{"__type__":"cc.Label","node":{"__id__":5},"_materials":[{"__uuid__":"ecpdLyjvZBwrvm+cedCcQy"}],"_useOriginalSize":false,"_string":"加入房间","_N$string":"加入房间","_N$horizontalAlign":1,"_N$verticalAlign":1}],"_prefab":{"__type__":"cc.PrefabInfo","root":{"__id__":1},"asset":{"__uuid__":"aeRG+zcIxADJPqMRrYzeS3"},"fileId":"e5vza9GXJGrqL4fiCGKs07"},"_contentSize":{"__type__":"cc.Size","width":160,"height":50.4}},{"__type__":"cc.Node","_name":"KW_SHOW_NUM_BG_1","_parent":{"__id__":3},"_children":[{"__id__":7}],"_level":4,"_components":[{"__type__":"cc.Sprite","node":{"__id__":6},"_materials":[{"__uuid__":"ecpdLyjvZBwrvm+cedCcQy"}],"_spriteFrame":{"__uuid__":"16ZxagotRBep3J9oDRy2n1"},"_sizeMode":0}],"_prefab":{"__type__":"cc.PrefabInfo","root":{"__id__":1},"asset":{"__uuid__":"aeRG+zcIxADJPqMRrYzeS3"},"fileId":"ddgokthdFAF49ht4vULjY4"},"_contentSize":{"__type__":"cc.Size","width":90,"height":90},"_position":{"__type__":"cc.Vec3","x":-240,"y":177}},{"__type__":"cc.Node","_name":"KW_SHOW_NUM_1","_parent":{"__id__":6},"_level":3,"_components":[{"__type__":"cc.Label","node":{"__id__":7},"_materials":[{"__uuid__":"ecpdLyjvZBwrvm+cedCcQy"}],"_useOriginalSize":false,"_string":"8","_N$string":"8","_fontSize":90,"_lineHeight":90,"_N$horizontalAlign":1,"_N$verticalAlign":1}],"_prefab":{"__type__":"cc.PrefabInfo","root":{"__id__":1},"asset":{"__uuid__":"aeRG+zcIxADJPqMRrYzeS3"},"fileId":"6bxdSdQjZME5aQYVFTpfjz"},"_contentSize":{"__type__":"cc.Size","width":50.05,"height":113.4}},{"__type__":"cc.Node","_name":"KW_SHOW_NUM_BG_2","_parent":{"__id__":3},"_children":[{"__id__":9}],"_level":4,"_components":[{"__type__":"cc.Sprite","node":{"__id__":8},"_materials":[{"__uuid__":"ecpdLyjvZBwrvm+cedCcQy"}],"_spriteFrame":{"__uuid__":"16ZxagotRBep3J9oDRy2n1"},"_sizeMode":0}],"_prefab":{"__type__":"cc.PrefabInfo","root":{"__id__":1},"asset":{"__uuid__":"aeRG+zcIxADJPqMRrYzeS3"},"fileId":"0ce3gLX+RINIOKhWpI+kqT"},"_contentSize":{"__type__":"cc.Size","width":90,"height":90},"_position":{"__type__":"cc.Vec3","x":-144,"y":177}},{"__type__":"cc.Node","_name":"KW_SHOW_NUM_2","_parent":{"__id__":8},"_level":3,"_components":[{"__type__":"cc.Label","node":{"__id__":9},"_materials":[{"__uuid__":"ecpdLyjvZBwrvm+cedCcQy"}],"_useOriginalSize":false,"_string":"8","_N$string":"8","_fontSize":90,"_lineHeight":90,"_N$horizontalAlign":1,"_N$verticalAlign":1}],"_prefab":{"__type__":"cc.PrefabInfo","root":{"__id__":1},"asset":{"__uuid__":"aeRG+zcIxADJPqMRrYzeS3"},"fileId":"6d9+UQrn1BbKSf9yk60mWk"},"_contentSize":{"__type__":"cc.Size","width":50.05,"height":113.4}},{"__type__":"cc.Node","_name":"KW_SHOW_NUM_BG_3","_parent":{"__id__":3},"_children":[{"__id__":11}],"_level":4,"_components":[{"__type__":"cc.Sprite","node":{"__id__":10},"_materials":[{"__uuid__":"ecpdLyjvZBwrvm+cedCcQy"}],"_spriteFrame":{"__uuid__":"16ZxagotRBep3J9oDRy2n1"},"_sizeMode":0}],"_prefab":{"__type__":"cc.PrefabInfo","root":{"__id__":1},"asset":{"__uuid__":"aeRG+zcIxADJPqMRrYzeS3"},"fileId":"3ac6uj5zZDUZM1Iblwmyca"},"_contentSize":{"__type__":"cc.Size","width":90,"height":90},"_position":{"__type__":"cc.Vec3","x":-48,"y":177}},{"__type__":"cc.Node","_name":"KW_SHOW_NUM_3","_parent":{"__id__":10},"_level":3,"_components":[{"__type__":"cc.Label","node":{"__id__":11},"_materials":[{"__uuid__":"ecpdLyjvZBwrvm+cedCcQy"}],"_useOriginalSize":false,"_string":"8","_N$string":"8","_fontSize":90,"_lineHeight":90,"_N$horizontalAlign":1,"_N$verticalAlign":1}],"_prefab":{"__type__":"cc.PrefabInfo","root":{"__id__":1},"asset":{"__uuid__":"aeRG+zcIxADJPqMRrYzeS3"},"fileId":"efQKj6A7VAoKzCYpygto9i"},"_contentSize":{"__type__":"cc.Size","width":50.05,"height":113.4}},{"__type__":"cc.Node","_name":"KW_SHOW_NUM_BG_4","_parent":{"__id__":3},"_children":[{"__id__":13}],"_level":4,"_components":[{"__type__":"cc.Sprite","node":{"__id__":12},"_materials":[{"__uuid__":"ecpdLyjvZBwrvm+cedCcQy"}],"_spriteFrame":{"__uuid__":"16ZxagotRBep3J9oDRy2n1"},"_sizeMode":0}],"_prefab":{"__type__":"cc.PrefabInfo","root":{"__id__":1},"asset":{"__uuid__":"aeRG+zcIxADJPqMRrYzeS3"},"fileId":"c1Hx+Z5FJBWYxmJEDWhBvF"},"_contentSize":{"__type__":"cc.Size","width":90,"height":90},"_position":{"__type__":"cc.Vec3","x":48,"y":177}},{"__type__":"cc.Node","_name":"KW_SHOW_NUM_4","_parent":{"__id__":12},"_level":3,"_components":[{"__type__":"cc.Label","node":{"__id__":13},"_materials":[{"__uuid__":"ecpdLyjvZBwrvm+cedCcQy"}],"_useOriginalSize":false,"_string":"8","_N$string":"8","_fontSize":90,"_lineHeight":90,"_N$horizontalAlign":1,"_N$verticalAlign":1}],"_prefab":{"__type__":"cc.PrefabInfo","root":{"__id__":1},"asset":{"__uuid__":"aeRG+zcIxADJPqMRrYzeS3"},"fileId":"b2Z15D1gtO/6gIO2B7pkH0"},"_contentSize":{"__type__":"cc.Size","width":50.05,"height":113.4}},{"__type__":"cc.Node","_name":"KW_SHOW_NUM_BG_5","_parent":{"__id__":3},"_children":[{"__id__":15}],"_level":4,"_components":[{"__type__":"cc.Sprite","node":{"__id__":14},"_materials":[{"__uuid__":"ecpdLyjvZBwrvm+cedCcQy"}],"_spriteFrame":{"__uuid__":"16ZxagotRBep3J9oDRy2n1"},"_sizeMode":0}],"_prefab":{"__type__":"cc.PrefabInfo","root":{"__id__":1},"asset":{"__uuid__":"aeRG+zcIxADJPqMRrYzeS3"},"fileId":"acK/OtvS9G4J8JjFyoDoy3"},"_contentSize":{"__type__":"cc.Size","width":90,"height":90},"_position":{"__type__":"cc.Vec3","x":144,"y":177}},{"__type__":"cc.Node","_name":"KW_SHOW_NUM_5","_parent":{"__id__":14},"_level":3,"_components":[{"__type__":"cc.Label","node":{"__id__":15},"_materials":[{"__uuid__":"ecpdLyjvZBwrvm+cedCcQy"}],"_useOriginalSize":false,"_string":"8","_N$string":"8","_fontSize":90,"_lineHeight":90,"_N$horizontalAlign":1,"_N$verticalAlign":1}],"_prefab":{"__type__":"cc.PrefabInfo","root":{"__id__":1},"asset":{"__uuid__":"aeRG+zcIxADJPqMRrYzeS3"},"fileId":"a56WsSRqBPL7k/smTKL88x"},"_contentSize":{"__type__":"cc.Size","width":50.05,"height":113.4}},{"__type__":"cc.Node","_name":"KW_SHOW_NUM_BG_6","_parent":{"__id__":3},"_children":[{"__id__":17}],"_level":4,"_components":[{"__type__":"cc.Sprite","node":{"__id__":16},"_materials":[{"__uuid__":"ecpdLyjvZBwrvm+cedCcQy"}],"_spriteFrame":{"__uuid__":"16ZxagotRBep3J9oDRy2n1"},"_sizeMode":0}],"_prefab":{"__type__":"cc.PrefabInfo","root":{"__id__":1},"asset":{"__uuid__":"aeRG+zcIxADJPqMRrYzeS3"},"fileId":"72pbhpDMBHzJRYzE14ua9n"},"_contentSize":{"__type__":"cc.Size","width":90,"height":90},"_position":{"__type__":"cc.Vec3","x":240,"y":177}},{"__type__":"cc.Node","_name":"KW_SHOW_NUM_6","_parent":{"__id__":16},"_level":3,"_components":[{"__type__":"cc.Label","node":{"__id__":17},"_materials":[{"__uuid__":"ecpdLyjvZBwrvm+cedCcQy"}],"_useOriginalSize":false,"_string":"8","_N$string":"8","_fontSize":90,"_lineHeight":90,"_N$horizontalAlign":1,"_N$verticalAlign":1}],"_prefab":{"__type__":"cc.PrefabInfo","root":{"__id__":1},"asset":{"__uuid__":"aeRG+zcIxADJPqMRrYzeS3"},"fileId":"67OcBjt0ZJu498PTj6THud"},"_contentSize":{"__type__":"cc.Size","width":50.05,"height":113.4}},{"__type__":"cc.Node","_name":"KW_BTN_DELETE","_parent":{"__id__":3},"_children":[{"__id__":19}],"_level":4,"_components":[{"__type__":"cc.Button","node":{"__id__":18},"zoomScale":0.95,"_N$transition":3,"transition":3,"_N$normalColor":{"__type__":"cc.Color","r":230,"g":230,"b":230},"_N$pressedColor":{"__type__":"cc.Color","r":200,"g":200,"b":200},"pressedColor":{"__type__":"cc.Color","r":200,"g":200,"b":200},"_N$disabledColor":{"__type__":"cc.Color","r":120,"g":120,"b":120,"a":200},"_N$normalSprite":{"__uuid__":"f0BIwQ8D5Ml7nTNQbh1YlS"},"_N$pressedSprite":{"__uuid__":"e97GVMl6JHh5Ml5qEDdSGa"},"pressedSprite":{"__uuid__":"e97GVMl6JHh5Ml5qEDdSGa"},"_N$hoverSprite":{"__uuid__":"f0BIwQ8D5Ml7nTNQbh1YlS"},"hoverSprite":{"__uuid__":"f0BIwQ8D5Ml7nTNQbh1YlS"},"_N$disabledSprite":{"__uuid__":"29FYIk+N1GYaeWH/q1NxQO"},"_N$target":{"__id__":19}}],"_prefab":{"__type__":"cc.PrefabInfo","root":{"__id__":1},"asset":{"__uuid__":"aeRG+zcIxADJPqMRrYzeS3"},"fileId":"84cTv3lGlI2Zcy7DseFPys"},"_contentSize":{"__type__":"cc.Size","width":145,"height":80},"_position":{"__type__":"cc.Vec3","x":177.105,"y":-234.328},"_scale":{"__type__":"cc.Vec3","x":1.1,"y":1.2,"z":1}},{"__type__":"cc.Node","_name":"Background","_parent":{"__id__":18},"_children":[{"__id__":20}],"_level":2,"_components":[{"__type__":"cc.Sprite","node":{"__id__":19},"_materials":[{"__uuid__":"ecpdLyjvZBwrvm+cedCcQy"}],"_spriteFrame":{"__uuid__":"09xc9bhtpAsZWb0oNkFSCP"},"_type":1,"_sizeMode":0},{"__type__":"cc.Widget","node":{"__id__":19},"alignMode":0,"_alignFlags":45,"_originalWidth":100,"_originalHeight":40}],"_prefab":{"__type__":"cc.PrefabInfo","root":{"__id__":1},"asset":{"__uuid__":"aeRG+zcIxADJPqMRrYzeS3"},"fileId":"99tjIeXsFPg7j4OjopdG93"},"_color":{"__type__":"cc.Color","r":230,"g":230,"b":230},"_contentSize":{"__type__":"cc.Size","width":145,"height":80}},{"__type__":"cc.Node","_name":"Label","_parent":{"__id__":19},"_level":3,"_components":[{"__type__":"cc.Label","node":{"__id__":20},"_materials":[{"__uuid__":"ecpdLyjvZBwrvm+cedCcQy"}],"_useOriginalSize":false,"_string":"删除","_N$string":"删除","_fontSize":30,"_enableWrapText":false,"_N$horizontalAlign":1,"_N$verticalAlign":1,"_N$overflow":1}],"_prefab":{"__type__":"cc.PrefabInfo","root":{"__id__":1},"asset":{"__uuid__":"aeRG+zcIxADJPqMRrYzeS3"},"fileId":"00k0eqS15DjLdNpQSHUbTm"},"_color":{"__type__":"cc.Color","r":255,"g":227,"b":227},"_contentSize":{"__type__":"cc.Size","width":100,"height":40}},{"__type__":"cc.Node","_name":"KW_BTN_CLEAR","_parent":{"__id__":3},"_children":[{"__id__":22}],"_level":4,"_components":[{"__type__":"cc.Button","node":{"__id__":21},"zoomScale":0.95,"_N$transition":3,"transition":3,"_N$normalColor":{"__type__":"cc.Color","r":230,"g":230,"b":230},"_N$pressedColor":{"__type__":"cc.Color","r":200,"g":200,"b":200},"pressedColor":{"__type__":"cc.Color","r":200,"g":200,"b":200},"_N$disabledColor":{"__type__":"cc.Color","r":120,"g":120,"b":120,"a":200},"_N$normalSprite":{"__uuid__":"f0BIwQ8D5Ml7nTNQbh1YlS"},"_N$pressedSprite":{"__uuid__":"e97GVMl6JHh5Ml5qEDdSGa"},"pressedSprite":{"__uuid__":"e97GVMl6JHh5Ml5qEDdSGa"},"_N$hoverSprite":{"__uuid__":"f0BIwQ8D5Ml7nTNQbh1YlS"},"hoverSprite":{"__uuid__":"f0BIwQ8D5Ml7nTNQbh1YlS"},"_N$disabledSprite":{"__uuid__":"29FYIk+N1GYaeWH/q1NxQO"},"_N$target":{"__id__":22}}],"_prefab":{"__type__":"cc.PrefabInfo","root":{"__id__":1},"asset":{"__uuid__":"aeRG+zcIxADJPqMRrYzeS3"},"fileId":"86sJCpyWJAs7JJhIwRAs5h"},"_contentSize":{"__type__":"cc.Size","width":145,"height":80},"_position":{"__type__":"cc.Vec3","x":-0.472,"y":-234.328},"_scale":{"__type__":"cc.Vec3","x":1.1,"y":1.2,"z":1}},{"__type__":"cc.Node","_name":"Background","_parent":{"__id__":21},"_children":[{"__id__":23}],"_level":2,"_components":[{"__type__":"cc.Sprite","node":{"__id__":22},"_materials":[{"__uuid__":"ecpdLyjvZBwrvm+cedCcQy"}],"_spriteFrame":{"__uuid__":"09xc9bhtpAsZWb0oNkFSCP"},"_type":1,"_sizeMode":0},{"__type__":"cc.Widget","node":{"__id__":22},"alignMode":0,"_alignFlags":45,"_originalWidth":100,"_originalHeight":40}],"_prefab":{"__type__":"cc.PrefabInfo","root":{"__id__":1},"asset":{"__uuid__":"aeRG+zcIxADJPqMRrYzeS3"},"fileId":"23MBzNtVxHWJxZCCI0WvQw"},"_color":{"__type__":"cc.Color","r":230,"g":230,"b":230},"_contentSize":{"__type__":"cc.Size","width":145,"height":80}},{"__type__":"cc.Node","_name":"Label","_parent":{"__id__":22},"_level":3,"_components":[{"__type__":"cc.Label","node":{"__id__":23},"_materials":[{"__uuid__":"ecpdLyjvZBwrvm+cedCcQy"}],"_useOriginalSize":false,"_string":"重输","_N$string":"重输","_fontSize":30,"_enableWrapText":false,"_N$horizontalAlign":1,"_N$verticalAlign":1,"_N$overflow":1}],"_prefab":{"__type__":"cc.PrefabInfo","root":{"__id__":1},"asset":{"__uuid__":"aeRG+zcIxADJPqMRrYzeS3"},"fileId":"c2ku93jl9MW4OaD3ezSlkZ"},"_color":{"__type__":"cc.Color","r":255,"g":227,"b":227},"_contentSize":{"__type__":"cc.Size","width":100,"height":40}},{"__type__":"cc.Node","_name":"KW_BTN_CLOSE","_parent":{"__id__":3},"_children":[{"__id__":25}],"_level":4,"_components":[{"__type__":"cc.Button","node":{"__id__":24},"zoomScale":0.95,"_N$transition":3,"transition":3,"_N$normalColor":{"__type__":"cc.Color","r":230,"g":230,"b":230},"_N$pressedColor":{"__type__":"cc.Color","r":200,"g":200,"b":200},"pressedColor":{"__type__":"cc.Color","r":200,"g":200,"b":200},"_N$disabledColor":{"__type__":"cc.Color","r":120,"g":120,"b":120,"a":200},"_N$pressedSprite":{"__uuid__":"e97GVMl6JHh5Ml5qEDdSGa"},"pressedSprite":{"__uuid__":"e97GVMl6JHh5Ml5qEDdSGa"},"_N$hoverSprite":{"__uuid__":"f0BIwQ8D5Ml7nTNQbh1YlS"},"hoverSprite":{"__uuid__":"f0BIwQ8D5Ml7nTNQbh1YlS"},"_N$disabledSprite":{"__uuid__":"29FYIk+N1GYaeWH/q1NxQO"},"_N$target":{"__id__":25}}],"_prefab":{"__type__":"cc.PrefabInfo","root":{"__id__":1},"asset":{"__uuid__":"aeRG+zcIxADJPqMRrYzeS3"},"fileId":"31eOY2bJNLz4XgxAxYHozl"},"_contentSize":{"__type__":"cc.Size","width":80,"height":80},"_position":{"__type__":"cc.Vec3","x":301.316,"y":263.135},"_scale":{"__type__":"cc.Vec3","x":1.1,"y":1.2,"z":1}},{"__type__":"cc.Node","_name":"Background","_parent":{"__id__":24},"_level":2,"_components":[{"__type__":"cc.Sprite","node":{"__id__":25},"_materials":[{"__uuid__":"ecpdLyjvZBwrvm+cedCcQy"}],"_spriteFrame":{"__uuid__":"1ca3x0gQpG+52W3I/3f8Rc"},"_type":1,"_sizeMode":0},{"__type__":"cc.Widget","node":{"__id__":25},"alignMode":0,"_alignFlags":45,"_left":-21.230000000000004,"_right":21.230000000000004,"_top":-9.436,"_bottom":9.436,"_originalWidth":100,"_originalHeight":40}],"_prefab":{"__type__":"cc.PrefabInfo","root":{"__id__":1},"asset":{"__uuid__":"aeRG+zcIxADJPqMRrYzeS3"},"fileId":"3dSmvvrL1Eg6qJIW8xh8E2"},"_color":{"__type__":"cc.Color","r":230,"g":230,"b":230},"_contentSize":{"__type__":"cc.Size","width":80,"height":80},"_position":{"__type__":"cc.Vec3","x":-21.230000000000004,"y":9.436}},{"__type__":"cc.Node","_name":"KW_BTN_NUM_0","_parent":{"__id__":3},"_children":[{"__id__":27}],"_level":4,"_components":[{"__type__":"cc.Button","node":{"__id__":26},"zoomScale":0.95,"_N$transition":3,"transition":3,"_N$normalColor":{"__type__":"cc.Color","r":230,"g":230,"b":230},"_N$pressedColor":{"__type__":"cc.Color","r":200,"g":200,"b":200},"pressedColor":{"__type__":"cc.Color","r":200,"g":200,"b":200},"_N$disabledColor":{"__type__":"cc.Color","r":120,"g":120,"b":120,"a":200},"_N$normalSprite":{"__uuid__":"f0BIwQ8D5Ml7nTNQbh1YlS"},"_N$pressedSprite":{"__uuid__":"e97GVMl6JHh5Ml5qEDdSGa"},"pressedSprite":{"__uuid__":"e97GVMl6JHh5Ml5qEDdSGa"},"_N$hoverSprite":{"__uuid__":"f0BIwQ8D5Ml7nTNQbh1YlS"},"hoverSprite":{"__uuid__":"f0BIwQ8D5Ml7nTNQbh1YlS"},"_N$disabledSprite":{"__uuid__":"29FYIk+N1GYaeWH/q1NxQO"},"_N$target":{"__id__":27}}],"_prefab":{"__type__":"cc.PrefabInfo","root":{"__id__":1},"asset":{"__uuid__":"aeRG+zcIxADJPqMRrYzeS3"},"fileId":"e5F4rXAxNABZ1yvq79lb3z"},"_contentSize":{"__type__":"cc.Size","width":145,"height":80},"_position":{"__type__":"cc.Vec3","x":-175.333,"y":-234.328},"_scale":{"__type__":"cc.Vec3","x":1.1,"y":1.2,"z":1}},{"__type__":"cc.Node","_name":"Background","_parent":{"__id__":26},"_children":[{"__id__":28}],"_level":2,"_components":[{"__type__":"cc.Sprite","node":{"__id__":27},"_materials":[{"__uuid__":"ecpdLyjvZBwrvm+cedCcQy"}],"_spriteFrame":{"__uuid__":"09xc9bhtpAsZWb0oNkFSCP"},"_type":1,"_sizeMode":0},{"__type__":"cc.Widget","node":{"__id__":27},"alignMode":0,"_alignFlags":45,"_originalWidth":100,"_originalHeight":40}],"_prefab":{"__type__":"cc.PrefabInfo","root":{"__id__":1},"asset":{"__uuid__":"aeRG+zcIxADJPqMRrYzeS3"},"fileId":"c4JPUrPslHbb+RaTWziTSE"},"_color":{"__type__":"cc.Color","r":230,"g":230,"b":230},"_contentSize":{"__type__":"cc.Size","width":145,"height":80}},{"__type__":"cc.Node","_name":"Label","_parent":{"__id__":27},"_level":3,"_components":[{"__type__":"cc.Label","node":{"__id__":28},"_materials":[{"__uuid__":"ecpdLyjvZBwrvm+cedCcQy"}],"_useOriginalSize":false,"_string":"0","_N$string":"0","_fontSize":35,"_enableWrapText":false,"_N$horizontalAlign":1,"_N$verticalAlign":1,"_N$overflow":1}],"_prefab":{"__type__":"cc.PrefabInfo","root":{"__id__":1},"asset":{"__uuid__":"aeRG+zcIxADJPqMRrYzeS3"},"fileId":"29/XI7p+BHVLbq78vkBF8v"},"_color":{"__type__":"cc.Color","r":255,"g":227,"b":227},"_contentSize":{"__type__":"cc.Size","width":100,"height":40}},{"__type__":"cc.Node","_name":"KW_BTN_NUM_1","_parent":{"__id__":3},"_children":[{"__id__":30}],"_level":4,"_components":[{"__type__":"cc.Button","node":{"__id__":29},"zoomScale":0.95,"_N$transition":3,"transition":3,"_N$normalColor":{"__type__":"cc.Color","r":230,"g":230,"b":230},"_N$pressedColor":{"__type__":"cc.Color","r":200,"g":200,"b":200},"pressedColor":{"__type__":"cc.Color","r":200,"g":200,"b":200},"_N$disabledColor":{"__type__":"cc.Color","r":120,"g":120,"b":120,"a":200},"_N$normalSprite":{"__uuid__":"f0BIwQ8D5Ml7nTNQbh1YlS"},"_N$pressedSprite":{"__uuid__":"e97GVMl6JHh5Ml5qEDdSGa"},"pressedSprite":{"__uuid__":"e97GVMl6JHh5Ml5qEDdSGa"},"_N$hoverSprite":{"__uuid__":"f0BIwQ8D5Ml7nTNQbh1YlS"},"hoverSprite":{"__uuid__":"f0BIwQ8D5Ml7nTNQbh1YlS"},"_N$disabledSprite":{"__uuid__":"29FYIk+N1GYaeWH/q1NxQO"},"_N$target":{"__id__":30}}],"_prefab":{"__type__":"cc.PrefabInfo","root":{"__id__":1},"asset":{"__uuid__":"aeRG+zcIxADJPqMRrYzeS3"},"fileId":"dfdE1zm6ZMiKSGfgzqbThs"},"_contentSize":{"__type__":"cc.Size","width":145,"height":80},"_position":{"__type__":"cc.Vec3","x":-175.333,"y":57.18},"_scale":{"__type__":"cc.Vec3","x":1.1,"y":1.2,"z":1}},{"__type__":"cc.Node","_name":"Background","_parent":{"__id__":29},"_children":[{"__id__":31}],"_level":2,"_components":[{"__type__":"cc.Sprite","node":{"__id__":30},"_materials":[{"__uuid__":"ecpdLyjvZBwrvm+cedCcQy"}],"_spriteFrame":{"__uuid__":"09xc9bhtpAsZWb0oNkFSCP"},"_type":1,"_sizeMode":0},{"__type__":"cc.Widget","node":{"__id__":30},"alignMode":0,"_alignFlags":45,"_originalWidth":100,"_originalHeight":40}],"_prefab":{"__type__":"cc.PrefabInfo","root":{"__id__":1},"asset":{"__uuid__":"aeRG+zcIxADJPqMRrYzeS3"},"fileId":"b4KTB//95KtoOebZQTPMvr"},"_color":{"__type__":"cc.Color","r":230,"g":230,"b":230},"_contentSize":{"__type__":"cc.Size","width":145,"height":80}},{"__type__":"cc.Node","_name":"Label","_parent":{"__id__":30},"_level":3,"_components":[{"__type__":"cc.Label","node":{"__id__":31},"_materials":[{"__uuid__":"ecpdLyjvZBwrvm+cedCcQy"}],"_useOriginalSize":false,"_string":"1","_N$string":"1","_fontSize":35,"_enableWrapText":false,"_N$horizontalAlign":1,"_N$verticalAlign":1,"_N$overflow":1}],"_prefab":{"__type__":"cc.PrefabInfo","root":{"__id__":1},"asset":{"__uuid__":"aeRG+zcIxADJPqMRrYzeS3"},"fileId":"d89srQIz9DppfO/EWWeDCS"},"_color":{"__type__":"cc.Color","r":255,"g":227,"b":227},"_contentSize":{"__type__":"cc.Size","width":100,"height":40}},{"__type__":"cc.Node","_name":"KW_BTN_NUM_2","_parent":{"__id__":3},"_children":[{"__id__":33}],"_level":4,"_components":[{"__type__":"cc.Button","node":{"__id__":32},"zoomScale":0.95,"_N$transition":3,"transition":3,"_N$normalColor":{"__type__":"cc.Color","r":230,"g":230,"b":230},"_N$pressedColor":{"__type__":"cc.Color","r":200,"g":200,"b":200},"pressedColor":{"__type__":"cc.Color","r":200,"g":200,"b":200},"_N$disabledColor":{"__type__":"cc.Color","r":120,"g":120,"b":120,"a":200},"_N$normalSprite":{"__uuid__":"f0BIwQ8D5Ml7nTNQbh1YlS"},"_N$pressedSprite":{"__uuid__":"e97GVMl6JHh5Ml5qEDdSGa"},"pressedSprite":{"__uuid__":"e97GVMl6JHh5Ml5qEDdSGa"},"_N$hoverSprite":{"__uuid__":"f0BIwQ8D5Ml7nTNQbh1YlS"},"hoverSprite":{"__uuid__":"f0BIwQ8D5Ml7nTNQbh1YlS"},"_N$disabledSprite":{"__uuid__":"29FYIk+N1GYaeWH/q1NxQO"},"_N$target":{"__id__":33}}],"_prefab":{"__type__":"cc.PrefabInfo","root":{"__id__":1},"asset":{"__uuid__":"aeRG+zcIxADJPqMRrYzeS3"},"fileId":"48OBMstM5MBapSq6UP0E5r"},"_contentSize":{"__type__":"cc.Size","width":145,"height":80},"_position":{"__type__":"cc.Vec3","x":-0.472,"y":57.18},"_scale":{"__type__":"cc.Vec3","x":1.1,"y":1.2,"z":1}},{"__type__":"cc.Node","_name":"Background","_parent":{"__id__":32},"_children":[{"__id__":34}],"_level":2,"_components":[{"__type__":"cc.Sprite","node":{"__id__":33},"_materials":[{"__uuid__":"ecpdLyjvZBwrvm+cedCcQy"}],"_spriteFrame":{"__uuid__":"09xc9bhtpAsZWb0oNkFSCP"},"_type":1,"_sizeMode":0},{"__type__":"cc.Widget","node":{"__id__":33},"alignMode":0,"_alignFlags":45,"_originalWidth":100,"_originalHeight":40}],"_prefab":{"__type__":"cc.PrefabInfo","root":{"__id__":1},"asset":{"__uuid__":"aeRG+zcIxADJPqMRrYzeS3"},"fileId":"2acpo4wdVPWKm/3U2271FK"},"_color":{"__type__":"cc.Color","r":230,"g":230,"b":230},"_contentSize":{"__type__":"cc.Size","width":145,"height":80}},{"__type__":"cc.Node","_name":"Label","_parent":{"__id__":33},"_level":3,"_components":[{"__type__":"cc.Label","node":{"__id__":34},"_materials":[{"__uuid__":"ecpdLyjvZBwrvm+cedCcQy"}],"_useOriginalSize":false,"_string":"2","_N$string":"2","_fontSize":35,"_enableWrapText":false,"_N$horizontalAlign":1,"_N$verticalAlign":1,"_N$overflow":1}],"_prefab":{"__type__":"cc.PrefabInfo","root":{"__id__":1},"asset":{"__uuid__":"aeRG+zcIxADJPqMRrYzeS3"},"fileId":"04myX1m4pEbYUdMabad+b3"},"_color":{"__type__":"cc.Color","r":255,"g":227,"b":227},"_contentSize":{"__type__":"cc.Size","width":100,"height":40}},{"__type__":"cc.Node","_name":"KW_BTN_NUM_3","_parent":{"__id__":3},"_children":[{"__id__":36}],"_level":4,"_components":[{"__type__":"cc.Button","node":{"__id__":35},"zoomScale":0.95,"_N$transition":3,"transition":3,"_N$normalColor":{"__type__":"cc.Color","r":230,"g":230,"b":230},"_N$pressedColor":{"__type__":"cc.Color","r":200,"g":200,"b":200},"pressedColor":{"__type__":"cc.Color","r":200,"g":200,"b":200},"_N$disabledColor":{"__type__":"cc.Color","r":120,"g":120,"b":120,"a":200},"_N$normalSprite":{"__uuid__":"f0BIwQ8D5Ml7nTNQbh1YlS"},"_N$pressedSprite":{"__uuid__":"e97GVMl6JHh5Ml5qEDdSGa"},"pressedSprite":{"__uuid__":"e97GVMl6JHh5Ml5qEDdSGa"},"_N$hoverSprite":{"__uuid__":"f0BIwQ8D5Ml7nTNQbh1YlS"},"hoverSprite":{"__uuid__":"f0BIwQ8D5Ml7nTNQbh1YlS"},"_N$disabledSprite":{"__uuid__":"29FYIk+N1GYaeWH/q1NxQO"},"_N$target":{"__id__":36}}],"_prefab":{"__type__":"cc.PrefabInfo","root":{"__id__":1},"asset":{"__uuid__":"aeRG+zcIxADJPqMRrYzeS3"},"fileId":"77UBaXcdlDc6fvama8DEY6"},"_contentSize":{"__type__":"cc.Size","width":145,"height":80},"_position":{"__type__":"cc.Vec3","x":177.105,"y":57.18},"_scale":{"__type__":"cc.Vec3","x":1.1,"y":1.2,"z":1}},{"__type__":"cc.Node","_name":"Background","_parent":{"__id__":35},"_children":[{"__id__":37}],"_level":2,"_components":[{"__type__":"cc.Sprite","node":{"__id__":36},"_materials":[{"__uuid__":"ecpdLyjvZBwrvm+cedCcQy"}],"_spriteFrame":{"__uuid__":"09xc9bhtpAsZWb0oNkFSCP"},"_type":1,"_sizeMode":0},{"__type__":"cc.Widget","node":{"__id__":36},"alignMode":0,"_alignFlags":45,"_originalWidth":100,"_originalHeight":40}],"_prefab":{"__type__":"cc.PrefabInfo","root":{"__id__":1},"asset":{"__uuid__":"aeRG+zcIxADJPqMRrYzeS3"},"fileId":"ef29qoiDdKg5TxA2jYemDn"},"_color":{"__type__":"cc.Color","r":230,"g":230,"b":230},"_contentSize":{"__type__":"cc.Size","width":145,"height":80}},{"__type__":"cc.Node","_name":"Label","_parent":{"__id__":36},"_level":3,"_components":[{"__type__":"cc.Label","node":{"__id__":37},"_materials":[{"__uuid__":"ecpdLyjvZBwrvm+cedCcQy"}],"_useOriginalSize":false,"_string":"3","_N$string":"3","_fontSize":35,"_enableWrapText":false,"_N$horizontalAlign":1,"_N$verticalAlign":1,"_N$overflow":1}],"_prefab":{"__type__":"cc.PrefabInfo","root":{"__id__":1},"asset":{"__uuid__":"aeRG+zcIxADJPqMRrYzeS3"},"fileId":"9fJd8cea9Ew4wYg6k1Vblk"},"_color":{"__type__":"cc.Color","r":255,"g":227,"b":227},"_contentSize":{"__type__":"cc.Size","width":100,"height":40}},{"__type__":"cc.Node","_name":"KW_BTN_NUM_4","_parent":{"__id__":3},"_children":[{"__id__":39}],"_level":4,"_components":[{"__type__":"cc.Button","node":{"__id__":38},"zoomScale":0.95,"_N$transition":3,"transition":3,"_N$normalColor":{"__type__":"cc.Color","r":230,"g":230,"b":230},"_N$pressedColor":{"__type__":"cc.Color","r":200,"g":200,"b":200},"pressedColor":{"__type__":"cc.Color","r":200,"g":200,"b":200},"_N$disabledColor":{"__type__":"cc.Color","r":120,"g":120,"b":120,"a":200},"_N$normalSprite":{"__uuid__":"f0BIwQ8D5Ml7nTNQbh1YlS"},"_N$pressedSprite":{"__uuid__":"e97GVMl6JHh5Ml5qEDdSGa"},"pressedSprite":{"__uuid__":"e97GVMl6JHh5Ml5qEDdSGa"},"_N$hoverSprite":{"__uuid__":"f0BIwQ8D5Ml7nTNQbh1YlS"},"hoverSprite":{"__uuid__":"f0BIwQ8D5Ml7nTNQbh1YlS"},"_N$disabledSprite":{"__uuid__":"29FYIk+N1GYaeWH/q1NxQO"},"_N$target":{"__id__":39}}],"_prefab":{"__type__":"cc.PrefabInfo","root":{"__id__":1},"asset":{"__uuid__":"aeRG+zcIxADJPqMRrYzeS3"},"fileId":"cbmKvoNpxI94UVFtqr5mFS"},"_contentSize":{"__type__":"cc.Size","width":145,"height":80},"_position":{"__type__":"cc.Vec3","x":-175.333,"y":-37.82},"_scale":{"__type__":"cc.Vec3","x":1.1,"y":1.2,"z":1}},{"__type__":"cc.Node","_name":"Background","_parent":{"__id__":38},"_children":[{"__id__":40}],"_level":2,"_components":[{"__type__":"cc.Sprite","node":{"__id__":39},"_materials":[{"__uuid__":"ecpdLyjvZBwrvm+cedCcQy"}],"_spriteFrame":{"__uuid__":"09xc9bhtpAsZWb0oNkFSCP"},"_type":1,"_sizeMode":0},{"__type__":"cc.Widget","node":{"__id__":39},"alignMode":0,"_alignFlags":45,"_originalWidth":100,"_originalHeight":40}],"_prefab":{"__type__":"cc.PrefabInfo","root":{"__id__":1},"asset":{"__uuid__":"aeRG+zcIxADJPqMRrYzeS3"},"fileId":"abJ6dM50xBtKgYzAGvidli"},"_color":{"__type__":"cc.Color","r":230,"g":230,"b":230},"_contentSize":{"__type__":"cc.Size","width":145,"height":80}},{"__type__":"cc.Node","_name":"Label","_parent":{"__id__":39},"_level":3,"_components":[{"__type__":"cc.Label","node":{"__id__":40},"_materials":[{"__uuid__":"ecpdLyjvZBwrvm+cedCcQy"}],"_useOriginalSize":false,"_string":"4","_N$string":"4","_fontSize":35,"_enableWrapText":false,"_N$horizontalAlign":1,"_N$verticalAlign":1,"_N$overflow":1}],"_prefab":{"__type__":"cc.PrefabInfo","root":{"__id__":1},"asset":{"__uuid__":"aeRG+zcIxADJPqMRrYzeS3"},"fileId":"0bmsdmuO9Jwb+p9c5b/iZi"},"_color":{"__type__":"cc.Color","r":255,"g":227,"b":227},"_contentSize":{"__type__":"cc.Size","width":100,"height":40}},{"__type__":"cc.Node","_name":"KW_BTN_NUM_5","_parent":{"__id__":3},"_children":[{"__id__":42}],"_level":4,"_components":[{"__type__":"cc.Button","node":{"__id__":41},"zoomScale":0.95,"_N$transition":3,"transition":3,"_N$normalColor":{"__type__":"cc.Color","r":230,"g":230,"b":230},"_N$pressedColor":{"__type__":"cc.Color","r":200,"g":200,"b":200},"pressedColor":{"__type__":"cc.Color","r":200,"g":200,"b":200},"_N$disabledColor":{"__type__":"cc.Color","r":120,"g":120,"b":120,"a":200},"_N$normalSprite":{"__uuid__":"f0BIwQ8D5Ml7nTNQbh1YlS"},"_N$pressedSprite":{"__uuid__":"e97GVMl6JHh5Ml5qEDdSGa"},"pressedSprite":{"__uuid__":"e97GVMl6JHh5Ml5qEDdSGa"},"_N$hoverSprite":{"__uuid__":"f0BIwQ8D5Ml7nTNQbh1YlS"},"hoverSprite":{"__uuid__":"f0BIwQ8D5Ml7nTNQbh1YlS"},"_N$disabledSprite":{"__uuid__":"29FYIk+N1GYaeWH/q1NxQO"},"_N$target":{"__id__":42}}],"_prefab":{"__type__":"cc.PrefabInfo","root":{"__id__":1},"asset":{"__uuid__":"aeRG+zcIxADJPqMRrYzeS3"},"fileId":"a42OEG7sREDqYEQUjtCHqy"},"_contentSize":{"__type__":"cc.Size","width":145,"height":80},"_position":{"__type__":"cc.Vec3","x":-0.472,"y":-37.82},"_scale":{"__type__":"cc.Vec3","x":1.1,"y":1.2,"z":1}},{"__type__":"cc.Node","_name":"Background","_parent":{"__id__":41},"_children":[{"__id__":43}],"_level":2,"_components":[{"__type__":"cc.Sprite","node":{"__id__":42},"_materials":[{"__uuid__":"ecpdLyjvZBwrvm+cedCcQy"}],"_spriteFrame":{"__uuid__":"09xc9bhtpAsZWb0oNkFSCP"},"_type":1,"_sizeMode":0},{"__type__":"cc.Widget","node":{"__id__":42},"alignMode":0,"_alignFlags":45,"_originalWidth":100,"_originalHeight":40}],"_prefab":{"__type__":"cc.PrefabInfo","root":{"__id__":1},"asset":{"__uuid__":"aeRG+zcIxADJPqMRrYzeS3"},"fileId":"fdYh2ikzlFaZWqU7DJ2ZUg"},"_color":{"__type__":"cc.Color","r":230,"g":230,"b":230},"_contentSize":{"__type__":"cc.Size","width":145,"height":80}},{"__type__":"cc.Node","_name":"Label","_parent":{"__id__":42},"_level":3,"_components":[{"__type__":"cc.Label","node":{"__id__":43},"_materials":[{"__uuid__":"ecpdLyjvZBwrvm+cedCcQy"}],"_useOriginalSize":false,"_string":"5","_N$string":"5","_fontSize":35,"_enableWrapText":false,"_N$horizontalAlign":1,"_N$verticalAlign":1,"_N$overflow":1}],"_prefab":{"__type__":"cc.PrefabInfo","root":{"__id__":1},"asset":{"__uuid__":"aeRG+zcIxADJPqMRrYzeS3"},"fileId":"bfShX85chDbYg2W/OLS+pc"},"_color":{"__type__":"cc.Color","r":255,"g":227,"b":227},"_contentSize":{"__type__":"cc.Size","width":100,"height":40}},{"__type__":"cc.Node","_name":"KW_BTN_NUM_6","_parent":{"__id__":3},"_children":[{"__id__":45}],"_level":4,"_components":[{"__type__":"cc.Button","node":{"__id__":44},"zoomScale":0.95,"_N$transition":3,"transition":3,"_N$normalColor":{"__type__":"cc.Color","r":230,"g":230,"b":230},"_N$pressedColor":{"__type__":"cc.Color","r":200,"g":200,"b":200},"pressedColor":{"__type__":"cc.Color","r":200,"g":200,"b":200},"_N$disabledColor":{"__type__":"cc.Color","r":120,"g":120,"b":120,"a":200},"_N$normalSprite":{"__uuid__":"f0BIwQ8D5Ml7nTNQbh1YlS"},"_N$pressedSprite":{"__uuid__":"e97GVMl6JHh5Ml5qEDdSGa"},"pressedSprite":{"__uuid__":"e97GVMl6JHh5Ml5qEDdSGa"},"_N$hoverSprite":{"__uuid__":"f0BIwQ8D5Ml7nTNQbh1YlS"},"hoverSprite":{"__uuid__":"f0BIwQ8D5Ml7nTNQbh1YlS"},"_N$disabledSprite":{"__uuid__":"29FYIk+N1GYaeWH/q1NxQO"},"_N$target":{"__id__":45}}],"_prefab":{"__type__":"cc.PrefabInfo","root":{"__id__":1},"asset":{"__uuid__":"aeRG+zcIxADJPqMRrYzeS3"},"fileId":"25snlT7zpE1pTbBReNoT+c"},"_contentSize":{"__type__":"cc.Size","width":145,"height":80},"_position":{"__type__":"cc.Vec3","x":177.105,"y":-37.82},"_scale":{"__type__":"cc.Vec3","x":1.1,"y":1.2,"z":1}},{"__type__":"cc.Node","_name":"Background","_parent":{"__id__":44},"_children":[{"__id__":46}],"_level":2,"_components":[{"__type__":"cc.Sprite","node":{"__id__":45},"_materials":[{"__uuid__":"ecpdLyjvZBwrvm+cedCcQy"}],"_spriteFrame":{"__uuid__":"09xc9bhtpAsZWb0oNkFSCP"},"_type":1,"_sizeMode":0},{"__type__":"cc.Widget","node":{"__id__":45},"alignMode":0,"_alignFlags":45,"_originalWidth":100,"_originalHeight":40}],"_prefab":{"__type__":"cc.PrefabInfo","root":{"__id__":1},"asset":{"__uuid__":"aeRG+zcIxADJPqMRrYzeS3"},"fileId":"6ajDOzn99OQKmzAqOH1cy+"},"_color":{"__type__":"cc.Color","r":230,"g":230,"b":230},"_contentSize":{"__type__":"cc.Size","width":145,"height":80}},{"__type__":"cc.Node","_name":"Label","_parent":{"__id__":45},"_level":3,"_components":[{"__type__":"cc.Label","node":{"__id__":46},"_materials":[{"__uuid__":"ecpdLyjvZBwrvm+cedCcQy"}],"_useOriginalSize":false,"_string":"6","_N$string":"6","_fontSize":35,"_enableWrapText":false,"_N$horizontalAlign":1,"_N$verticalAlign":1,"_N$overflow":1}],"_prefab":{"__type__":"cc.PrefabInfo","root":{"__id__":1},"asset":{"__uuid__":"aeRG+zcIxADJPqMRrYzeS3"},"fileId":"43m1+E725P34VTpcZmE1Lz"},"_color":{"__type__":"cc.Color","r":255,"g":227,"b":227},"_contentSize":{"__type__":"cc.Size","width":100,"height":40}},{"__type__":"cc.Node","_name":"KW_BTN_NUM_7","_parent":{"__id__":3},"_children":[{"__id__":48}],"_level":4,"_components":[{"__type__":"cc.Button","node":{"__id__":47},"zoomScale":0.95,"_N$transition":3,"transition":3,"_N$normalColor":{"__type__":"cc.Color","r":230,"g":230,"b":230},"_N$pressedColor":{"__type__":"cc.Color","r":200,"g":200,"b":200},"pressedColor":{"__type__":"cc.Color","r":200,"g":200,"b":200},"_N$disabledColor":{"__type__":"cc.Color","r":120,"g":120,"b":120,"a":200},"_N$normalSprite":{"__uuid__":"f0BIwQ8D5Ml7nTNQbh1YlS"},"_N$pressedSprite":{"__uuid__":"e97GVMl6JHh5Ml5qEDdSGa"},"pressedSprite":{"__uuid__":"e97GVMl6JHh5Ml5qEDdSGa"},"_N$hoverSprite":{"__uuid__":"f0BIwQ8D5Ml7nTNQbh1YlS"},"hoverSprite":{"__uuid__":"f0BIwQ8D5Ml7nTNQbh1YlS"},"_N$disabledSprite":{"__uuid__":"29FYIk+N1GYaeWH/q1NxQO"},"_N$target":{"__id__":48}}],"_prefab":{"__type__":"cc.PrefabInfo","root":{"__id__":1},"asset":{"__uuid__":"aeRG+zcIxADJPqMRrYzeS3"},"fileId":"76ag8IR75GLK5Fej1ps4qT"},"_contentSize":{"__type__":"cc.Size","width":145,"height":80},"_position":{"__type__":"cc.Vec3","x":-175.333,"y":-134.82},"_scale":{"__type__":"cc.Vec3","x":1.1,"y":1.2,"z":1}},{"__type__":"cc.Node","_name":"Background","_parent":{"__id__":47},"_children":[{"__id__":49}],"_level":2,"_components":[{"__type__":"cc.Sprite","node":{"__id__":48},"_materials":[{"__uuid__":"ecpdLyjvZBwrvm+cedCcQy"}],"_spriteFrame":{"__uuid__":"09xc9bhtpAsZWb0oNkFSCP"},"_type":1,"_sizeMode":0},{"__type__":"cc.Widget","node":{"__id__":48},"alignMode":0,"_alignFlags":45,"_originalWidth":100,"_originalHeight":40}],"_prefab":{"__type__":"cc.PrefabInfo","root":{"__id__":1},"asset":{"__uuid__":"aeRG+zcIxADJPqMRrYzeS3"},"fileId":"2ewKfwxG1Om5MYMkS0Xwjh"},"_color":{"__type__":"cc.Color","r":230,"g":230,"b":230},"_contentSize":{"__type__":"cc.Size","width":145,"height":80}},{"__type__":"cc.Node","_name":"Label","_parent":{"__id__":48},"_level":3,"_components":[{"__type__":"cc.Label","node":{"__id__":49},"_materials":[{"__uuid__":"ecpdLyjvZBwrvm+cedCcQy"}],"_useOriginalSize":false,"_string":"7","_N$string":"7","_fontSize":35,"_enableWrapText":false,"_N$horizontalAlign":1,"_N$verticalAlign":1,"_N$overflow":1}],"_prefab":{"__type__":"cc.PrefabInfo","root":{"__id__":1},"asset":{"__uuid__":"aeRG+zcIxADJPqMRrYzeS3"},"fileId":"0dxTmryCVKU5azoo+oJK0P"},"_color":{"__type__":"cc.Color","r":255,"g":227,"b":227},"_contentSize":{"__type__":"cc.Size","width":100,"height":40}},{"__type__":"cc.Node","_name":"KW_BTN_NUM_8","_parent":{"__id__":3},"_children":[{"__id__":51}],"_level":4,"_components":[{"__type__":"cc.Button","node":{"__id__":50},"zoomScale":0.95,"_N$transition":3,"transition":3,"_N$normalColor":{"__type__":"cc.Color","r":230,"g":230,"b":230},"_N$pressedColor":{"__type__":"cc.Color","r":200,"g":200,"b":200},"pressedColor":{"__type__":"cc.Color","r":200,"g":200,"b":200},"_N$disabledColor":{"__type__":"cc.Color","r":120,"g":120,"b":120,"a":200},"_N$normalSprite":{"__uuid__":"f0BIwQ8D5Ml7nTNQbh1YlS"},"_N$pressedSprite":{"__uuid__":"e97GVMl6JHh5Ml5qEDdSGa"},"pressedSprite":{"__uuid__":"e97GVMl6JHh5Ml5qEDdSGa"},"_N$hoverSprite":{"__uuid__":"f0BIwQ8D5Ml7nTNQbh1YlS"},"hoverSprite":{"__uuid__":"f0BIwQ8D5Ml7nTNQbh1YlS"},"_N$disabledSprite":{"__uuid__":"29FYIk+N1GYaeWH/q1NxQO"},"_N$target":{"__id__":51}}],"_prefab":{"__type__":"cc.PrefabInfo","root":{"__id__":1},"asset":{"__uuid__":"aeRG+zcIxADJPqMRrYzeS3"},"fileId":"34txBMTP9M77Tgn/pOtafy"},"_contentSize":{"__type__":"cc.Size","width":145,"height":80},"_position":{"__type__":"cc.Vec3","x":-0.472,"y":-134.82},"_scale":{"__type__":"cc.Vec3","x":1.1,"y":1.2,"z":1}},{"__type__":"cc.Node","_name":"Background","_parent":{"__id__":50},"_children":[{"__id__":52}],"_level":2,"_components":[{"__type__":"cc.Sprite","node":{"__id__":51},"_materials":[{"__uuid__":"ecpdLyjvZBwrvm+cedCcQy"}],"_spriteFrame":{"__uuid__":"09xc9bhtpAsZWb0oNkFSCP"},"_type":1,"_sizeMode":0},{"__type__":"cc.Widget","node":{"__id__":51},"alignMode":0,"_alignFlags":45,"_originalWidth":100,"_originalHeight":40}],"_prefab":{"__type__":"cc.PrefabInfo","root":{"__id__":1},"asset":{"__uuid__":"aeRG+zcIxADJPqMRrYzeS3"},"fileId":"8bqgP7snpCY4w/IVMLZt51"},"_color":{"__type__":"cc.Color","r":230,"g":230,"b":230},"_contentSize":{"__type__":"cc.Size","width":145,"height":80}},{"__type__":"cc.Node","_name":"Label","_parent":{"__id__":51},"_level":3,"_components":[{"__type__":"cc.Label","node":{"__id__":52},"_materials":[{"__uuid__":"ecpdLyjvZBwrvm+cedCcQy"}],"_useOriginalSize":false,"_string":"8","_N$string":"8","_fontSize":35,"_enableWrapText":false,"_N$horizontalAlign":1,"_N$verticalAlign":1,"_N$overflow":1}],"_prefab":{"__type__":"cc.PrefabInfo","root":{"__id__":1},"asset":{"__uuid__":"aeRG+zcIxADJPqMRrYzeS3"},"fileId":"1b2woImxtHfpPDWc/CBPiV"},"_color":{"__type__":"cc.Color","r":255,"g":227,"b":227},"_contentSize":{"__type__":"cc.Size","width":100,"height":40}},{"__type__":"cc.Node","_name":"KW_BTN_NUM_9","_parent":{"__id__":3},"_children":[{"__id__":54}],"_level":4,"_components":[{"__type__":"cc.Button","node":{"__id__":53},"zoomScale":0.95,"_N$transition":3,"transition":3,"_N$normalColor":{"__type__":"cc.Color","r":230,"g":230,"b":230},"_N$pressedColor":{"__type__":"cc.Color","r":200,"g":200,"b":200},"pressedColor":{"__type__":"cc.Color","r":200,"g":200,"b":200},"_N$disabledColor":{"__type__":"cc.Color","r":120,"g":120,"b":120,"a":200},"_N$normalSprite":{"__uuid__":"f0BIwQ8D5Ml7nTNQbh1YlS"},"_N$pressedSprite":{"__uuid__":"e97GVMl6JHh5Ml5qEDdSGa"},"pressedSprite":{"__uuid__":"e97GVMl6JHh5Ml5qEDdSGa"},"_N$hoverSprite":{"__uuid__":"f0BIwQ8D5Ml7nTNQbh1YlS"},"hoverSprite":{"__uuid__":"f0BIwQ8D5Ml7nTNQbh1YlS"},"_N$disabledSprite":{"__uuid__":"29FYIk+N1GYaeWH/q1NxQO"},"_N$target":{"__id__":54}}],"_prefab":{"__type__":"cc.PrefabInfo","root":{"__id__":1},"asset":{"__uuid__":"aeRG+zcIxADJPqMRrYzeS3"},"fileId":"458XOSZrpDb7mH3KXkuX6+"},"_contentSize":{"__type__":"cc.Size","width":145,"height":80},"_position":{"__type__":"cc.Vec3","x":177.105,"y":-134.82},"_scale":{"__type__":"cc.Vec3","x":1.1,"y":1.2,"z":1}},{"__type__":"cc.Node","_name":"Background","_parent":{"__id__":53},"_children":[{"__id__":55}],"_level":2,"_components":[{"__type__":"cc.Sprite","node":{"__id__":54},"_materials":[{"__uuid__":"ecpdLyjvZBwrvm+cedCcQy"}],"_spriteFrame":{"__uuid__":"09xc9bhtpAsZWb0oNkFSCP"},"_type":1,"_sizeMode":0},{"__type__":"cc.Widget","node":{"__id__":54},"alignMode":0,"_alignFlags":45,"_originalWidth":100,"_originalHeight":40}],"_prefab":{"__type__":"cc.PrefabInfo","root":{"__id__":1},"asset":{"__uuid__":"aeRG+zcIxADJPqMRrYzeS3"},"fileId":"d2VKPEKS1KgLQwrlPHO+ny"},"_color":{"__type__":"cc.Color","r":230,"g":230,"b":230},"_contentSize":{"__type__":"cc.Size","width":145,"height":80}},{"__type__":"cc.Node","_name":"Label","_parent":{"__id__":54},"_level":3,"_components":[{"__type__":"cc.Label","node":{"__id__":55},"_materials":[{"__uuid__":"ecpdLyjvZBwrvm+cedCcQy"}],"_useOriginalSize":false,"_string":"9","_N$string":"9","_fontSize":35,"_enableWrapText":false,"_N$horizontalAlign":1,"_N$verticalAlign":1,"_N$overflow":1}],"_prefab":{"__type__":"cc.PrefabInfo","root":{"__id__":1},"asset":{"__uuid__":"aeRG+zcIxADJPqMRrYzeS3"},"fileId":"fdYCg3byZBWJ/XvUYCHN8/"},"_color":{"__type__":"cc.Color","r":255,"g":227,"b":227},"_contentSize":{"__type__":"cc.Size","width":100,"height":40}}]