[{"__type__":"cc.Prefab","_name":"DialogGame","data":{"__id__":1}},{"__type__":"cc.Node","_name":"DialogGame","_children":[{"__id__":2},{"__id__":3},{"__id__":5},{"__id__":7},{"__id__":9},{"__id__":11},{"__id__":13},{"__id__":15},{"__id__":17},{"__id__":19},{"__id__":21},{"__id__":23},{"__id__":25},{"__id__":27},{"__id__":29},{"__id__":31},{"__id__":33},{"__id__":35},{"__id__":37},{"__id__":39},{"__id__":41},{"__id__":43},{"__id__":45},{"__id__":47},{"__id__":49},{"__id__":51},{"__id__":53},{"__id__":55},{"__id__":57},{"__id__":59},{"__id__":61},{"__id__":63},{"__id__":65}],"_level":1,"_components":[{"__type__":"cc.Sprite","node":{"__id__":1},"_materials":[{"__uuid__":"ecpdLyjvZBwrvm+cedCcQy"}],"_spriteFrame":{"__uuid__":"9bvaMerUlDyary99mJa6xp"},"_type":3,"_sizeMode":0},{"__type__":"cc.Layout","node":{"__id__":1},"_layoutSize":{"__type__":"cc.Size","width":1080,"height":1920}},{"__type__":"cc.Widget","node":{"__id__":1},"_alignFlags":45,"_originalWidth":960,"_originalHeight":300}],"_prefab":{"__type__":"cc.PrefabInfo","root":{"__id__":1},"asset":{"__uuid__":"8eRqR/vt9E1pTiim9LREXa"},"fileId":"632XwjzEpGvqao9e/BugmL"},"_color":{"__type__":"cc.Color"},"_contentSize":{"__type__":"cc.Size","width":1080,"height":1920},"_position":{"__type__":"cc.Vec3","x":540,"y":960}},{"__type__":"cc.Node","_name":"KW_PANEL_MASK","_parent":{"__id__":1},"_active":false,"_level":2,"_components":[{"__type__":"cc.Sprite","node":{"__id__":2},"_materials":[{"__uuid__":"ecpdLyjvZBwrvm+cedCcQy"}],"_spriteFrame":{"__uuid__":"a2MjXRFdtLlYQ5ouAFv/+R"},"_sizeMode":0},{"__type__":"cc.Widget","node":{"__id__":2},"_alignFlags":45,"_originalWidth":1280,"_originalHeight":720}],"_prefab":{"__type__":"cc.PrefabInfo","root":{"__id__":1},"asset":{"__uuid__":"8eRqR/vt9E1pTiim9LREXa"},"fileId":"a0PoYCYTRLDax3WwHuf2Gg"},"_opacity":150,"_color":{"__type__":"cc.Color"},"_contentSize":{"__type__":"cc.Size","width":1280,"height":720}},{"__type__":"cc.Node","_name":"KW_SHOW_NUM_BG_1","_parent":{"__id__":1},"_children":[{"__id__":4}],"_level":2,"_components":[{"__type__":"cc.Sprite","node":{"__id__":3},"_materials":[{"__uuid__":"ecpdLyjvZBwrvm+cedCcQy"}],"_spriteFrame":{"__uuid__":"a2MjXRFdtLlYQ5ouAFv/+R"},"_sizeMode":0},{"__type__":"cc.Button","node":{"__id__":3},"zoomScale":0.95,"_N$transition":3,"transition":3}],"_prefab":{"__type__":"cc.PrefabInfo","root":{"__id__":1},"asset":{"__uuid__":"8eRqR/vt9E1pTiim9LREXa"},"fileId":"9ejZZ1s1FD3KnB159KP1fc"},"_contentSize":{"__type__":"cc.Size","width":100,"height":100},"_position":{"__type__":"cc.Vec3","x":-411.883,"y":189.514}},{"__type__":"cc.Node","_name":"KW_SHOW_NUM","_parent":{"__id__":3},"_level":3,"_components":[{"__type__":"cc.Label","node":{"__id__":4},"_materials":[{"__uuid__":"ecpdLyjvZBwrvm+cedCcQy"}],"_useOriginalSize":false,"_string":"8","_N$string":"8","_fontSize":60,"_N$horizontalAlign":1,"_N$verticalAlign":1}],"_prefab":{"__type__":"cc.PrefabInfo","root":{"__id__":1},"asset":{"__uuid__":"8eRqR/vt9E1pTiim9LREXa"},"fileId":"f7+sTmbmJHaJaEr1oPbLDY"},"_color":{"__type__":"cc.Color","r":2},"_contentSize":{"__type__":"cc.Size","width":33.37,"height":50.4}},{"__type__":"cc.Node","_name":"KW_SHOW_NUM_BG_2","_parent":{"__id__":1},"_children":[{"__id__":6}],"_level":2,"_components":[{"__type__":"cc.Sprite","node":{"__id__":5},"_materials":[{"__uuid__":"ecpdLyjvZBwrvm+cedCcQy"}],"_spriteFrame":{"__uuid__":"a2MjXRFdtLlYQ5ouAFv/+R"},"_sizeMode":0},{"__type__":"cc.Button","node":{"__id__":5},"zoomScale":0.95,"_N$transition":3,"transition":3}],"_prefab":{"__type__":"cc.PrefabInfo","root":{"__id__":1},"asset":{"__uuid__":"8eRqR/vt9E1pTiim9LREXa"},"fileId":"8dZWvZ3JJMxoF61FEm7KYK"},"_contentSize":{"__type__":"cc.Size","width":100,"height":100},"_position":{"__type__":"cc.Vec3","x":-297.883,"y":189.514}},{"__type__":"cc.Node","_name":"KW_SHOW_NUM","_parent":{"__id__":5},"_level":3,"_components":[{"__type__":"cc.Label","node":{"__id__":6},"_materials":[{"__uuid__":"ecpdLyjvZBwrvm+cedCcQy"}],"_useOriginalSize":false,"_string":"8","_N$string":"8","_fontSize":60,"_N$horizontalAlign":1,"_N$verticalAlign":1}],"_prefab":{"__type__":"cc.PrefabInfo","root":{"__id__":1},"asset":{"__uuid__":"8eRqR/vt9E1pTiim9LREXa"},"fileId":"89scr5caZP2aWtoKWuB0MJ"},"_color":{"__type__":"cc.Color","r":2},"_contentSize":{"__type__":"cc.Size","width":33.37,"height":50.4}},{"__type__":"cc.Node","_name":"KW_SHOW_NUM_BG_3","_parent":{"__id__":1},"_children":[{"__id__":8}],"_level":2,"_components":[{"__type__":"cc.Sprite","node":{"__id__":7},"_materials":[{"__uuid__":"ecpdLyjvZBwrvm+cedCcQy"}],"_spriteFrame":{"__uuid__":"a2MjXRFdtLlYQ5ouAFv/+R"},"_sizeMode":0},{"__type__":"cc.Button","node":{"__id__":7},"zoomScale":0.95,"_N$transition":3,"transition":3}],"_prefab":{"__type__":"cc.PrefabInfo","root":{"__id__":1},"asset":{"__uuid__":"8eRqR/vt9E1pTiim9LREXa"},"fileId":"cdFfECAwZClrd0d9+Ui0iS"},"_contentSize":{"__type__":"cc.Size","width":100,"height":100},"_position":{"__type__":"cc.Vec3","x":-183.883,"y":189.514}},{"__type__":"cc.Node","_name":"KW_SHOW_NUM","_parent":{"__id__":7},"_level":3,"_components":[{"__type__":"cc.Label","node":{"__id__":8},"_materials":[{"__uuid__":"ecpdLyjvZBwrvm+cedCcQy"}],"_useOriginalSize":false,"_string":"8","_N$string":"8","_fontSize":60,"_N$horizontalAlign":1,"_N$verticalAlign":1}],"_prefab":{"__type__":"cc.PrefabInfo","root":{"__id__":1},"asset":{"__uuid__":"8eRqR/vt9E1pTiim9LREXa"},"fileId":"96wdCnVzdPqalF0vJJ1Vxg"},"_color":{"__type__":"cc.Color","r":2},"_contentSize":{"__type__":"cc.Size","width":33.37,"height":50.4}},{"__type__":"cc.Node","_name":"KW_SHOW_NUM_BG_4","_parent":{"__id__":1},"_children":[{"__id__":10}],"_level":2,"_components":[{"__type__":"cc.Sprite","node":{"__id__":9},"_materials":[{"__uuid__":"ecpdLyjvZBwrvm+cedCcQy"}],"_spriteFrame":{"__uuid__":"a2MjXRFdtLlYQ5ouAFv/+R"},"_sizeMode":0},{"__type__":"cc.Button","node":{"__id__":9},"zoomScale":0.95,"_N$transition":3,"transition":3}],"_prefab":{"__type__":"cc.PrefabInfo","root":{"__id__":1},"asset":{"__uuid__":"8eRqR/vt9E1pTiim9LREXa"},"fileId":"63shPx+k5DJKqlvh/nZVtY"},"_contentSize":{"__type__":"cc.Size","width":100,"height":100},"_position":{"__type__":"cc.Vec3","x":-70.883,"y":189.514}},{"__type__":"cc.Node","_name":"KW_SHOW_NUM","_parent":{"__id__":9},"_level":3,"_components":[{"__type__":"cc.Label","node":{"__id__":10},"_materials":[{"__uuid__":"ecpdLyjvZBwrvm+cedCcQy"}],"_useOriginalSize":false,"_string":"8","_N$string":"8","_fontSize":60,"_N$horizontalAlign":1,"_N$verticalAlign":1}],"_prefab":{"__type__":"cc.PrefabInfo","root":{"__id__":1},"asset":{"__uuid__":"8eRqR/vt9E1pTiim9LREXa"},"fileId":"baP0g6uSBBjYa7LXPzqXXm"},"_color":{"__type__":"cc.Color","r":2},"_contentSize":{"__type__":"cc.Size","width":33.37,"height":50.4}},{"__type__":"cc.Node","_name":"KW_SHOW_NUM_BG_5","_parent":{"__id__":1},"_children":[{"__id__":12}],"_level":2,"_components":[{"__type__":"cc.Sprite","node":{"__id__":11},"_materials":[{"__uuid__":"ecpdLyjvZBwrvm+cedCcQy"}],"_spriteFrame":{"__uuid__":"a2MjXRFdtLlYQ5ouAFv/+R"},"_sizeMode":0},{"__type__":"cc.Button","node":{"__id__":11},"zoomScale":0.95,"_N$transition":3,"transition":3}],"_prefab":{"__type__":"cc.PrefabInfo","root":{"__id__":1},"asset":{"__uuid__":"8eRqR/vt9E1pTiim9LREXa"},"fileId":"90f/VN3xRMipcJSIzNa1+S"},"_contentSize":{"__type__":"cc.Size","width":100,"height":100},"_position":{"__type__":"cc.Vec3","x":43.117,"y":189.514}},{"__type__":"cc.Node","_name":"KW_SHOW_NUM","_parent":{"__id__":11},"_level":3,"_components":[{"__type__":"cc.Label","node":{"__id__":12},"_materials":[{"__uuid__":"ecpdLyjvZBwrvm+cedCcQy"}],"_useOriginalSize":false,"_string":"8","_N$string":"8","_fontSize":60,"_N$horizontalAlign":1,"_N$verticalAlign":1}],"_prefab":{"__type__":"cc.PrefabInfo","root":{"__id__":1},"asset":{"__uuid__":"8eRqR/vt9E1pTiim9LREXa"},"fileId":"8bRFX9m+xGoq9rhhHlhM93"},"_color":{"__type__":"cc.Color","r":2},"_contentSize":{"__type__":"cc.Size","width":33.37,"height":50.4}},{"__type__":"cc.Node","_name":"KW_SHOW_NUM_BG_6","_parent":{"__id__":1},"_children":[{"__id__":14}],"_level":2,"_components":[{"__type__":"cc.Sprite","node":{"__id__":13},"_materials":[{"__uuid__":"ecpdLyjvZBwrvm+cedCcQy"}],"_spriteFrame":{"__uuid__":"a2MjXRFdtLlYQ5ouAFv/+R"},"_sizeMode":0},{"__type__":"cc.Button","node":{"__id__":13},"zoomScale":0.95,"_N$transition":3,"transition":3}],"_prefab":{"__type__":"cc.PrefabInfo","root":{"__id__":1},"asset":{"__uuid__":"8eRqR/vt9E1pTiim9LREXa"},"fileId":"f8NSFCjEBC0oFU0MAsannI"},"_contentSize":{"__type__":"cc.Size","width":100,"height":100},"_position":{"__type__":"cc.Vec3","x":157.117,"y":189.514}},{"__type__":"cc.Node","_name":"KW_SHOW_NUM","_parent":{"__id__":13},"_level":3,"_components":[{"__type__":"cc.Label","node":{"__id__":14},"_materials":[{"__uuid__":"ecpdLyjvZBwrvm+cedCcQy"}],"_useOriginalSize":false,"_string":"8","_N$string":"8","_fontSize":60,"_N$horizontalAlign":1,"_N$verticalAlign":1}],"_prefab":{"__type__":"cc.PrefabInfo","root":{"__id__":1},"asset":{"__uuid__":"8eRqR/vt9E1pTiim9LREXa"},"fileId":"efmz0Mfq5Kr7M536ejWawn"},"_color":{"__type__":"cc.Color","r":2},"_contentSize":{"__type__":"cc.Size","width":33.37,"height":50.4}},{"__type__":"cc.Node","_name":"KW_SHOW_NUM_BG_7","_parent":{"__id__":1},"_children":[{"__id__":16}],"_level":2,"_components":[{"__type__":"cc.Sprite","node":{"__id__":15},"_materials":[{"__uuid__":"ecpdLyjvZBwrvm+cedCcQy"}],"_spriteFrame":{"__uuid__":"a2MjXRFdtLlYQ5ouAFv/+R"},"_sizeMode":0},{"__type__":"cc.Button","node":{"__id__":15},"zoomScale":0.95,"_N$transition":3,"transition":3}],"_prefab":{"__type__":"cc.PrefabInfo","root":{"__id__":1},"asset":{"__uuid__":"8eRqR/vt9E1pTiim9LREXa"},"fileId":"c9uXNL1+tAwY1oOT3O/YcN"},"_contentSize":{"__type__":"cc.Size","width":100,"height":100},"_position":{"__type__":"cc.Vec3","x":269.833,"y":189.514}},{"__type__":"cc.Node","_name":"KW_SHOW_NUM","_parent":{"__id__":15},"_level":3,"_components":[{"__type__":"cc.Label","node":{"__id__":16},"_materials":[{"__uuid__":"ecpdLyjvZBwrvm+cedCcQy"}],"_useOriginalSize":false,"_string":"8","_N$string":"8","_fontSize":60,"_N$horizontalAlign":1,"_N$verticalAlign":1}],"_prefab":{"__type__":"cc.PrefabInfo","root":{"__id__":1},"asset":{"__uuid__":"8eRqR/vt9E1pTiim9LREXa"},"fileId":"4bVorinwFLa5UL6deMyj98"},"_color":{"__type__":"cc.Color","r":2},"_contentSize":{"__type__":"cc.Size","width":33.37,"height":50.4}},{"__type__":"cc.Node","_name":"KW_SHOW_NUM_BG_8","_parent":{"__id__":1},"_children":[{"__id__":18}],"_level":2,"_components":[{"__type__":"cc.Sprite","node":{"__id__":17},"_materials":[{"__uuid__":"ecpdLyjvZBwrvm+cedCcQy"}],"_spriteFrame":{"__uuid__":"a2MjXRFdtLlYQ5ouAFv/+R"},"_sizeMode":0},{"__type__":"cc.Button","node":{"__id__":17},"zoomScale":0.95,"_N$transition":3,"transition":3}],"_prefab":{"__type__":"cc.PrefabInfo","root":{"__id__":1},"asset":{"__uuid__":"8eRqR/vt9E1pTiim9LREXa"},"fileId":"036AXrPYVATYNqQyLl5Zby"},"_contentSize":{"__type__":"cc.Size","width":100,"height":100},"_position":{"__type__":"cc.Vec3","x":394.05,"y":189.514}},{"__type__":"cc.Node","_name":"KW_SHOW_NUM","_parent":{"__id__":17},"_level":3,"_components":[{"__type__":"cc.Label","node":{"__id__":18},"_materials":[{"__uuid__":"ecpdLyjvZBwrvm+cedCcQy"}],"_useOriginalSize":false,"_string":"8","_N$string":"8","_fontSize":60,"_N$horizontalAlign":1,"_N$verticalAlign":1}],"_prefab":{"__type__":"cc.PrefabInfo","root":{"__id__":1},"asset":{"__uuid__":"8eRqR/vt9E1pTiim9LREXa"},"fileId":"75IQddrfdHJ6bIEKT0aaqR"},"_color":{"__type__":"cc.Color","r":2},"_contentSize":{"__type__":"cc.Size","width":33.37,"height":50.4}},{"__type__":"cc.Node","_name":"KW_SHOW_NUM_BG_9","_parent":{"__id__":1},"_children":[{"__id__":20}],"_level":2,"_components":[{"__type__":"cc.Sprite","node":{"__id__":19},"_materials":[{"__uuid__":"ecpdLyjvZBwrvm+cedCcQy"}],"_spriteFrame":{"__uuid__":"a2MjXRFdtLlYQ5ouAFv/+R"},"_sizeMode":0},{"__type__":"cc.Button","node":{"__id__":19},"zoomScale":0.95,"_N$transition":3,"transition":3}],"_prefab":{"__type__":"cc.PrefabInfo","root":{"__id__":1},"asset":{"__uuid__":"8eRqR/vt9E1pTiim9LREXa"},"fileId":"2fnL/OHyZJ9aEEtsQ8JP83"},"_contentSize":{"__type__":"cc.Size","width":100,"height":100},"_position":{"__type__":"cc.Vec3","x":-411.883,"y":82.312}},{"__type__":"cc.Node","_name":"KW_SHOW_NUM","_parent":{"__id__":19},"_level":3,"_components":[{"__type__":"cc.Label","node":{"__id__":20},"_materials":[{"__uuid__":"ecpdLyjvZBwrvm+cedCcQy"}],"_useOriginalSize":false,"_string":"8","_N$string":"8","_fontSize":60,"_N$horizontalAlign":1,"_N$verticalAlign":1}],"_prefab":{"__type__":"cc.PrefabInfo","root":{"__id__":1},"asset":{"__uuid__":"8eRqR/vt9E1pTiim9LREXa"},"fileId":"31PXVMR/hLOIjDEWt5KGqC"},"_color":{"__type__":"cc.Color","r":2},"_contentSize":{"__type__":"cc.Size","width":33.37,"height":50.4}},{"__type__":"cc.Node","_name":"KW_SHOW_NUM_BG_10","_parent":{"__id__":1},"_children":[{"__id__":22}],"_level":2,"_components":[{"__type__":"cc.Sprite","node":{"__id__":21},"_materials":[{"__uuid__":"ecpdLyjvZBwrvm+cedCcQy"}],"_spriteFrame":{"__uuid__":"a2MjXRFdtLlYQ5ouAFv/+R"},"_sizeMode":0},{"__type__":"cc.Button","node":{"__id__":21},"zoomScale":0.95,"_N$transition":3,"transition":3}],"_prefab":{"__type__":"cc.PrefabInfo","root":{"__id__":1},"asset":{"__uuid__":"8eRqR/vt9E1pTiim9LREXa"},"fileId":"b26lADYABAOrN4YZQbkLxu"},"_contentSize":{"__type__":"cc.Size","width":100,"height":100},"_position":{"__type__":"cc.Vec3","x":-297.883,"y":82.312}},{"__type__":"cc.Node","_name":"KW_SHOW_NUM","_parent":{"__id__":21},"_level":3,"_components":[{"__type__":"cc.Label","node":{"__id__":22},"_materials":[{"__uuid__":"ecpdLyjvZBwrvm+cedCcQy"}],"_useOriginalSize":false,"_string":"8","_N$string":"8","_fontSize":60,"_N$horizontalAlign":1,"_N$verticalAlign":1}],"_prefab":{"__type__":"cc.PrefabInfo","root":{"__id__":1},"asset":{"__uuid__":"8eRqR/vt9E1pTiim9LREXa"},"fileId":"01WeXB2IVM2Lr1WRybCO0p"},"_color":{"__type__":"cc.Color","r":2},"_contentSize":{"__type__":"cc.Size","width":33.37,"height":50.4}},{"__type__":"cc.Node","_name":"KW_SHOW_NUM_BG_11","_parent":{"__id__":1},"_children":[{"__id__":24}],"_level":2,"_components":[{"__type__":"cc.Sprite","node":{"__id__":23},"_materials":[{"__uuid__":"ecpdLyjvZBwrvm+cedCcQy"}],"_spriteFrame":{"__uuid__":"a2MjXRFdtLlYQ5ouAFv/+R"},"_sizeMode":0},{"__type__":"cc.Button","node":{"__id__":23},"zoomScale":0.95,"_N$transition":3,"transition":3}],"_prefab":{"__type__":"cc.PrefabInfo","root":{"__id__":1},"asset":{"__uuid__":"8eRqR/vt9E1pTiim9LREXa"},"fileId":"e1r/aWglxCeopZ4p4yYnaF"},"_contentSize":{"__type__":"cc.Size","width":100,"height":100},"_position":{"__type__":"cc.Vec3","x":-183.883,"y":82.312}},{"__type__":"cc.Node","_name":"KW_SHOW_NUM","_parent":{"__id__":23},"_level":3,"_components":[{"__type__":"cc.Label","node":{"__id__":24},"_materials":[{"__uuid__":"ecpdLyjvZBwrvm+cedCcQy"}],"_useOriginalSize":false,"_string":"8","_N$string":"8","_fontSize":60,"_N$horizontalAlign":1,"_N$verticalAlign":1}],"_prefab":{"__type__":"cc.PrefabInfo","root":{"__id__":1},"asset":{"__uuid__":"8eRqR/vt9E1pTiim9LREXa"},"fileId":"45v3Iwdx9OEbpyRO+zrIxy"},"_color":{"__type__":"cc.Color","r":2},"_contentSize":{"__type__":"cc.Size","width":33.37,"height":50.4}},{"__type__":"cc.Node","_name":"KW_SHOW_NUM_BG_12","_parent":{"__id__":1},"_children":[{"__id__":26}],"_level":2,"_components":[{"__type__":"cc.Sprite","node":{"__id__":25},"_materials":[{"__uuid__":"ecpdLyjvZBwrvm+cedCcQy"}],"_spriteFrame":{"__uuid__":"a2MjXRFdtLlYQ5ouAFv/+R"},"_sizeMode":0},{"__type__":"cc.Button","node":{"__id__":25},"zoomScale":0.95,"_N$transition":3,"transition":3}],"_prefab":{"__type__":"cc.PrefabInfo","root":{"__id__":1},"asset":{"__uuid__":"8eRqR/vt9E1pTiim9LREXa"},"fileId":"29UBxspdFBCawXXLZ0jsov"},"_contentSize":{"__type__":"cc.Size","width":100,"height":100},"_position":{"__type__":"cc.Vec3","x":-70.883,"y":82.312}},{"__type__":"cc.Node","_name":"KW_SHOW_NUM","_parent":{"__id__":25},"_level":3,"_components":[{"__type__":"cc.Label","node":{"__id__":26},"_materials":[{"__uuid__":"ecpdLyjvZBwrvm+cedCcQy"}],"_useOriginalSize":false,"_string":"8","_N$string":"8","_fontSize":60,"_N$horizontalAlign":1,"_N$verticalAlign":1}],"_prefab":{"__type__":"cc.PrefabInfo","root":{"__id__":1},"asset":{"__uuid__":"8eRqR/vt9E1pTiim9LREXa"},"fileId":"99S3iBKQNBmZRtHj1VhICT"},"_color":{"__type__":"cc.Color","r":2},"_contentSize":{"__type__":"cc.Size","width":33.37,"height":50.4}},{"__type__":"cc.Node","_name":"KW_SHOW_NUM_BG_13","_parent":{"__id__":1},"_children":[{"__id__":28}],"_level":2,"_components":[{"__type__":"cc.Sprite","node":{"__id__":27},"_materials":[{"__uuid__":"ecpdLyjvZBwrvm+cedCcQy"}],"_spriteFrame":{"__uuid__":"a2MjXRFdtLlYQ5ouAFv/+R"},"_sizeMode":0},{"__type__":"cc.Button","node":{"__id__":27},"zoomScale":0.95,"_N$transition":3,"transition":3}],"_prefab":{"__type__":"cc.PrefabInfo","root":{"__id__":1},"asset":{"__uuid__":"8eRqR/vt9E1pTiim9LREXa"},"fileId":"7c+fwNpmVFpZHmCiZhTXvQ"},"_contentSize":{"__type__":"cc.Size","width":100,"height":100},"_position":{"__type__":"cc.Vec3","x":43.117,"y":82.312}},{"__type__":"cc.Node","_name":"KW_SHOW_NUM","_parent":{"__id__":27},"_level":3,"_components":[{"__type__":"cc.Label","node":{"__id__":28},"_materials":[{"__uuid__":"ecpdLyjvZBwrvm+cedCcQy"}],"_useOriginalSize":false,"_string":"8","_N$string":"8","_fontSize":60,"_N$horizontalAlign":1,"_N$verticalAlign":1}],"_prefab":{"__type__":"cc.PrefabInfo","root":{"__id__":1},"asset":{"__uuid__":"8eRqR/vt9E1pTiim9LREXa"},"fileId":"feQv39IUhAC7FknKLylUHS"},"_color":{"__type__":"cc.Color","r":2},"_contentSize":{"__type__":"cc.Size","width":33.37,"height":50.4}},{"__type__":"cc.Node","_name":"KW_SHOW_NUM_BG_14","_parent":{"__id__":1},"_children":[{"__id__":30}],"_level":2,"_components":[{"__type__":"cc.Sprite","node":{"__id__":29},"_materials":[{"__uuid__":"ecpdLyjvZBwrvm+cedCcQy"}],"_spriteFrame":{"__uuid__":"a2MjXRFdtLlYQ5ouAFv/+R"},"_sizeMode":0},{"__type__":"cc.Button","node":{"__id__":29},"zoomScale":0.95,"_N$transition":3,"transition":3}],"_prefab":{"__type__":"cc.PrefabInfo","root":{"__id__":1},"asset":{"__uuid__":"8eRqR/vt9E1pTiim9LREXa"},"fileId":"89TCYI791OEL/++CMEUWv1"},"_contentSize":{"__type__":"cc.Size","width":100,"height":100},"_position":{"__type__":"cc.Vec3","x":157.117,"y":82.312}},{"__type__":"cc.Node","_name":"KW_SHOW_NUM","_parent":{"__id__":29},"_level":3,"_components":[{"__type__":"cc.Label","node":{"__id__":30},"_materials":[{"__uuid__":"ecpdLyjvZBwrvm+cedCcQy"}],"_useOriginalSize":false,"_string":"8","_N$string":"8","_fontSize":60,"_N$horizontalAlign":1,"_N$verticalAlign":1}],"_prefab":{"__type__":"cc.PrefabInfo","root":{"__id__":1},"asset":{"__uuid__":"8eRqR/vt9E1pTiim9LREXa"},"fileId":"73J2oJih5FWqm/UsfQGw03"},"_color":{"__type__":"cc.Color","r":2},"_contentSize":{"__type__":"cc.Size","width":33.37,"height":50.4}},{"__type__":"cc.Node","_name":"KW_SHOW_NUM_BG_15","_parent":{"__id__":1},"_children":[{"__id__":32}],"_level":2,"_components":[{"__type__":"cc.Sprite","node":{"__id__":31},"_materials":[{"__uuid__":"ecpdLyjvZBwrvm+cedCcQy"}],"_spriteFrame":{"__uuid__":"a2MjXRFdtLlYQ5ouAFv/+R"},"_sizeMode":0},{"__type__":"cc.Button","node":{"__id__":31},"zoomScale":0.95,"_N$transition":3,"transition":3}],"_prefab":{"__type__":"cc.PrefabInfo","root":{"__id__":1},"asset":{"__uuid__":"8eRqR/vt9E1pTiim9LREXa"},"fileId":"b7WPOPXDlAMr/xyV/G1ox4"},"_contentSize":{"__type__":"cc.Size","width":100,"height":100},"_position":{"__type__":"cc.Vec3","x":269.833,"y":82.312}},{"__type__":"cc.Node","_name":"KW_SHOW_NUM","_parent":{"__id__":31},"_level":3,"_components":[{"__type__":"cc.Label","node":{"__id__":32},"_materials":[{"__uuid__":"ecpdLyjvZBwrvm+cedCcQy"}],"_useOriginalSize":false,"_string":"8","_N$string":"8","_fontSize":60,"_N$horizontalAlign":1,"_N$verticalAlign":1}],"_prefab":{"__type__":"cc.PrefabInfo","root":{"__id__":1},"asset":{"__uuid__":"8eRqR/vt9E1pTiim9LREXa"},"fileId":"b6c8nOmUNG9aSxrpf70n1Q"},"_color":{"__type__":"cc.Color","r":2},"_contentSize":{"__type__":"cc.Size","width":33.37,"height":50.4}},{"__type__":"cc.Node","_name":"KW_SHOW_NUM_BG_16","_parent":{"__id__":1},"_children":[{"__id__":34}],"_level":2,"_components":[{"__type__":"cc.Sprite","node":{"__id__":33},"_materials":[{"__uuid__":"ecpdLyjvZBwrvm+cedCcQy"}],"_spriteFrame":{"__uuid__":"a2MjXRFdtLlYQ5ouAFv/+R"},"_sizeMode":0},{"__type__":"cc.Button","node":{"__id__":33},"zoomScale":0.95,"_N$transition":3,"transition":3}],"_prefab":{"__type__":"cc.PrefabInfo","root":{"__id__":1},"asset":{"__uuid__":"8eRqR/vt9E1pTiim9LREXa"},"fileId":"6eRsigktRLNJMXNHTxKVrR"},"_contentSize":{"__type__":"cc.Size","width":100,"height":100},"_position":{"__type__":"cc.Vec3","x":394.05,"y":82.312}},{"__type__":"cc.Node","_name":"KW_SHOW_NUM","_parent":{"__id__":33},"_level":3,"_components":[{"__type__":"cc.Label","node":{"__id__":34},"_materials":[{"__uuid__":"ecpdLyjvZBwrvm+cedCcQy"}],"_useOriginalSize":false,"_string":"8","_N$string":"8","_fontSize":60,"_N$horizontalAlign":1,"_N$verticalAlign":1}],"_prefab":{"__type__":"cc.PrefabInfo","root":{"__id__":1},"asset":{"__uuid__":"8eRqR/vt9E1pTiim9LREXa"},"fileId":"bbtpb23dJPDb0PtwRc04Sh"},"_color":{"__type__":"cc.Color","r":2},"_contentSize":{"__type__":"cc.Size","width":33.37,"height":50.4}},{"__type__":"cc.Node","_name":"KW_SHOW_NUM_BG_17","_parent":{"__id__":1},"_children":[{"__id__":36}],"_level":2,"_components":[{"__type__":"cc.Sprite","node":{"__id__":35},"_materials":[{"__uuid__":"ecpdLyjvZBwrvm+cedCcQy"}],"_spriteFrame":{"__uuid__":"a2MjXRFdtLlYQ5ouAFv/+R"},"_sizeMode":0},{"__type__":"cc.Button","node":{"__id__":35},"zoomScale":0.95,"_N$transition":3,"transition":3}],"_prefab":{"__type__":"cc.PrefabInfo","root":{"__id__":1},"asset":{"__uuid__":"8eRqR/vt9E1pTiim9LREXa"},"fileId":"dfpH/LaLxAE4nhX6jwzV7W"},"_contentSize":{"__type__":"cc.Size","width":100,"height":100},"_position":{"__type__":"cc.Vec3","x":-411.883,"y":-26.898}},{"__type__":"cc.Node","_name":"KW_SHOW_NUM","_parent":{"__id__":35},"_level":3,"_components":[{"__type__":"cc.Label","node":{"__id__":36},"_materials":[{"__uuid__":"ecpdLyjvZBwrvm+cedCcQy"}],"_useOriginalSize":false,"_string":"8","_N$string":"8","_fontSize":60,"_N$horizontalAlign":1,"_N$verticalAlign":1}],"_prefab":{"__type__":"cc.PrefabInfo","root":{"__id__":1},"asset":{"__uuid__":"8eRqR/vt9E1pTiim9LREXa"},"fileId":"19MG/O0ipF/YtXfo4k7WJb"},"_color":{"__type__":"cc.Color","r":2},"_contentSize":{"__type__":"cc.Size","width":33.37,"height":50.4}},{"__type__":"cc.Node","_name":"KW_SHOW_NUM_BG_18","_parent":{"__id__":1},"_children":[{"__id__":38}],"_level":2,"_components":[{"__type__":"cc.Sprite","node":{"__id__":37},"_materials":[{"__uuid__":"ecpdLyjvZBwrvm+cedCcQy"}],"_spriteFrame":{"__uuid__":"a2MjXRFdtLlYQ5ouAFv/+R"},"_sizeMode":0},{"__type__":"cc.Button","node":{"__id__":37},"zoomScale":0.95,"_N$transition":3,"transition":3}],"_prefab":{"__type__":"cc.PrefabInfo","root":{"__id__":1},"asset":{"__uuid__":"8eRqR/vt9E1pTiim9LREXa"},"fileId":"8bOcHX5MtDPqdj0wH4ek8e"},"_contentSize":{"__type__":"cc.Size","width":100,"height":100},"_position":{"__type__":"cc.Vec3","x":-297.883,"y":-26.898}},{"__type__":"cc.Node","_name":"KW_SHOW_NUM","_parent":{"__id__":37},"_level":3,"_components":[{"__type__":"cc.Label","node":{"__id__":38},"_materials":[{"__uuid__":"ecpdLyjvZBwrvm+cedCcQy"}],"_useOriginalSize":false,"_string":"8","_N$string":"8","_fontSize":60,"_N$horizontalAlign":1,"_N$verticalAlign":1}],"_prefab":{"__type__":"cc.PrefabInfo","root":{"__id__":1},"asset":{"__uuid__":"8eRqR/vt9E1pTiim9LREXa"},"fileId":"de1xZKkExAJaO2VQMrxtX0"},"_color":{"__type__":"cc.Color","r":2},"_contentSize":{"__type__":"cc.Size","width":33.37,"height":50.4}},{"__type__":"cc.Node","_name":"KW_SHOW_NUM_BG_19","_parent":{"__id__":1},"_children":[{"__id__":40}],"_level":2,"_components":[{"__type__":"cc.Sprite","node":{"__id__":39},"_materials":[{"__uuid__":"ecpdLyjvZBwrvm+cedCcQy"}],"_spriteFrame":{"__uuid__":"a2MjXRFdtLlYQ5ouAFv/+R"},"_sizeMode":0},{"__type__":"cc.Button","node":{"__id__":39},"zoomScale":0.95,"_N$transition":3,"transition":3}],"_prefab":{"__type__":"cc.PrefabInfo","root":{"__id__":1},"asset":{"__uuid__":"8eRqR/vt9E1pTiim9LREXa"},"fileId":"c3N2DYNq9NUJZHpcN1EOrH"},"_contentSize":{"__type__":"cc.Size","width":100,"height":100},"_position":{"__type__":"cc.Vec3","x":-183.883,"y":-26.898}},{"__type__":"cc.Node","_name":"KW_SHOW_NUM","_parent":{"__id__":39},"_level":3,"_components":[{"__type__":"cc.Label","node":{"__id__":40},"_materials":[{"__uuid__":"ecpdLyjvZBwrvm+cedCcQy"}],"_useOriginalSize":false,"_string":"8","_N$string":"8","_fontSize":60,"_N$horizontalAlign":1,"_N$verticalAlign":1}],"_prefab":{"__type__":"cc.PrefabInfo","root":{"__id__":1},"asset":{"__uuid__":"8eRqR/vt9E1pTiim9LREXa"},"fileId":"2bOV98UClHC57moEN0L1kE"},"_color":{"__type__":"cc.Color","r":2},"_contentSize":{"__type__":"cc.Size","width":33.37,"height":50.4}},{"__type__":"cc.Node","_name":"KW_SHOW_NUM_BG_20","_parent":{"__id__":1},"_children":[{"__id__":42}],"_level":2,"_components":[{"__type__":"cc.Sprite","node":{"__id__":41},"_materials":[{"__uuid__":"ecpdLyjvZBwrvm+cedCcQy"}],"_spriteFrame":{"__uuid__":"a2MjXRFdtLlYQ5ouAFv/+R"},"_sizeMode":0},{"__type__":"cc.Button","node":{"__id__":41},"zoomScale":0.95,"_N$transition":3,"transition":3}],"_prefab":{"__type__":"cc.PrefabInfo","root":{"__id__":1},"asset":{"__uuid__":"8eRqR/vt9E1pTiim9LREXa"},"fileId":"cdr24zRK9AzZ3ianOGBwzk"},"_contentSize":{"__type__":"cc.Size","width":100,"height":100},"_position":{"__type__":"cc.Vec3","x":-70.883,"y":-26.898}},{"__type__":"cc.Node","_name":"KW_SHOW_NUM","_parent":{"__id__":41},"_level":3,"_components":[{"__type__":"cc.Label","node":{"__id__":42},"_materials":[{"__uuid__":"ecpdLyjvZBwrvm+cedCcQy"}],"_useOriginalSize":false,"_string":"8","_N$string":"8","_fontSize":60,"_N$horizontalAlign":1,"_N$verticalAlign":1}],"_prefab":{"__type__":"cc.PrefabInfo","root":{"__id__":1},"asset":{"__uuid__":"8eRqR/vt9E1pTiim9LREXa"},"fileId":"34/aHOHLVCYYFLX8j1NmAi"},"_color":{"__type__":"cc.Color","r":2},"_contentSize":{"__type__":"cc.Size","width":33.37,"height":50.4}},{"__type__":"cc.Node","_name":"KW_SHOW_NUM_BG_21","_parent":{"__id__":1},"_children":[{"__id__":44}],"_level":2,"_components":[{"__type__":"cc.Sprite","node":{"__id__":43},"_materials":[{"__uuid__":"ecpdLyjvZBwrvm+cedCcQy"}],"_spriteFrame":{"__uuid__":"a2MjXRFdtLlYQ5ouAFv/+R"},"_sizeMode":0},{"__type__":"cc.Button","node":{"__id__":43},"zoomScale":0.95,"_N$transition":3,"transition":3}],"_prefab":{"__type__":"cc.PrefabInfo","root":{"__id__":1},"asset":{"__uuid__":"8eRqR/vt9E1pTiim9LREXa"},"fileId":"c8193WQp9DII0TOprubExt"},"_contentSize":{"__type__":"cc.Size","width":100,"height":100},"_position":{"__type__":"cc.Vec3","x":43.117,"y":-26.898}},{"__type__":"cc.Node","_name":"KW_SHOW_NUM","_parent":{"__id__":43},"_level":3,"_components":[{"__type__":"cc.Label","node":{"__id__":44},"_materials":[{"__uuid__":"ecpdLyjvZBwrvm+cedCcQy"}],"_useOriginalSize":false,"_string":"8","_N$string":"8","_fontSize":60,"_N$horizontalAlign":1,"_N$verticalAlign":1}],"_prefab":{"__type__":"cc.PrefabInfo","root":{"__id__":1},"asset":{"__uuid__":"8eRqR/vt9E1pTiim9LREXa"},"fileId":"daAC0SZ8xNuKrtANB8aMjz"},"_color":{"__type__":"cc.Color","r":2},"_contentSize":{"__type__":"cc.Size","width":33.37,"height":50.4}},{"__type__":"cc.Node","_name":"KW_SHOW_NUM_BG_22","_parent":{"__id__":1},"_children":[{"__id__":46}],"_level":2,"_components":[{"__type__":"cc.Sprite","node":{"__id__":45},"_materials":[{"__uuid__":"ecpdLyjvZBwrvm+cedCcQy"}],"_spriteFrame":{"__uuid__":"a2MjXRFdtLlYQ5ouAFv/+R"},"_sizeMode":0},{"__type__":"cc.Button","node":{"__id__":45},"zoomScale":0.95,"_N$transition":3,"transition":3}],"_prefab":{"__type__":"cc.PrefabInfo","root":{"__id__":1},"asset":{"__uuid__":"8eRqR/vt9E1pTiim9LREXa"},"fileId":"24BCYgTgNHzpYdl7DBB9lw"},"_contentSize":{"__type__":"cc.Size","width":100,"height":100},"_position":{"__type__":"cc.Vec3","x":157.117,"y":-26.898}},{"__type__":"cc.Node","_name":"KW_SHOW_NUM","_parent":{"__id__":45},"_level":3,"_components":[{"__type__":"cc.Label","node":{"__id__":46},"_materials":[{"__uuid__":"ecpdLyjvZBwrvm+cedCcQy"}],"_useOriginalSize":false,"_string":"8","_N$string":"8","_fontSize":60,"_N$horizontalAlign":1,"_N$verticalAlign":1}],"_prefab":{"__type__":"cc.PrefabInfo","root":{"__id__":1},"asset":{"__uuid__":"8eRqR/vt9E1pTiim9LREXa"},"fileId":"b0DfFFhrBLX5u6XE9TF+n/"},"_color":{"__type__":"cc.Color","r":2},"_contentSize":{"__type__":"cc.Size","width":33.37,"height":50.4}},{"__type__":"cc.Node","_name":"KW_SHOW_NUM_BG_23","_parent":{"__id__":1},"_children":[{"__id__":48}],"_level":2,"_components":[{"__type__":"cc.Sprite","node":{"__id__":47},"_materials":[{"__uuid__":"ecpdLyjvZBwrvm+cedCcQy"}],"_spriteFrame":{"__uuid__":"a2MjXRFdtLlYQ5ouAFv/+R"},"_sizeMode":0},{"__type__":"cc.Button","node":{"__id__":47},"zoomScale":0.95,"_N$transition":3,"transition":3}],"_prefab":{"__type__":"cc.PrefabInfo","root":{"__id__":1},"asset":{"__uuid__":"8eRqR/vt9E1pTiim9LREXa"},"fileId":"75JC4F+l1C+IR+i99qmOpu"},"_contentSize":{"__type__":"cc.Size","width":100,"height":100},"_position":{"__type__":"cc.Vec3","x":269.833,"y":-26.898}},{"__type__":"cc.Node","_name":"KW_SHOW_NUM","_parent":{"__id__":47},"_level":3,"_components":[{"__type__":"cc.Label","node":{"__id__":48},"_materials":[{"__uuid__":"ecpdLyjvZBwrvm+cedCcQy"}],"_useOriginalSize":false,"_string":"8","_N$string":"8","_fontSize":60,"_N$horizontalAlign":1,"_N$verticalAlign":1}],"_prefab":{"__type__":"cc.PrefabInfo","root":{"__id__":1},"asset":{"__uuid__":"8eRqR/vt9E1pTiim9LREXa"},"fileId":"19wLMAgoxLdI9ja2pjGRd1"},"_color":{"__type__":"cc.Color","r":2},"_contentSize":{"__type__":"cc.Size","width":33.37,"height":50.4}},{"__type__":"cc.Node","_name":"KW_SHOW_NUM_BG_24","_parent":{"__id__":1},"_children":[{"__id__":50}],"_level":2,"_components":[{"__type__":"cc.Sprite","node":{"__id__":49},"_materials":[{"__uuid__":"ecpdLyjvZBwrvm+cedCcQy"}],"_spriteFrame":{"__uuid__":"a2MjXRFdtLlYQ5ouAFv/+R"},"_sizeMode":0},{"__type__":"cc.Button","node":{"__id__":49},"zoomScale":0.95,"_N$transition":3,"transition":3}],"_prefab":{"__type__":"cc.PrefabInfo","root":{"__id__":1},"asset":{"__uuid__":"8eRqR/vt9E1pTiim9LREXa"},"fileId":"430qdLqv1FJYd2F1nE1KOY"},"_contentSize":{"__type__":"cc.Size","width":100,"height":100},"_position":{"__type__":"cc.Vec3","x":394.05,"y":-26.898}},{"__type__":"cc.Node","_name":"KW_SHOW_NUM","_parent":{"__id__":49},"_level":3,"_components":[{"__type__":"cc.Label","node":{"__id__":50},"_materials":[{"__uuid__":"ecpdLyjvZBwrvm+cedCcQy"}],"_useOriginalSize":false,"_string":"8","_N$string":"8","_fontSize":60,"_N$horizontalAlign":1,"_N$verticalAlign":1}],"_prefab":{"__type__":"cc.PrefabInfo","root":{"__id__":1},"asset":{"__uuid__":"8eRqR/vt9E1pTiim9LREXa"},"fileId":"e2xSRh1k5BSadnUtoI1kaR"},"_color":{"__type__":"cc.Color","r":2},"_contentSize":{"__type__":"cc.Size","width":33.37,"height":50.4}},{"__type__":"cc.Node","_name":"KW_SHOW_NUM_BG_25","_parent":{"__id__":1},"_children":[{"__id__":52}],"_level":2,"_components":[{"__type__":"cc.Sprite","node":{"__id__":51},"_materials":[{"__uuid__":"ecpdLyjvZBwrvm+cedCcQy"}],"_spriteFrame":{"__uuid__":"a2MjXRFdtLlYQ5ouAFv/+R"},"_sizeMode":0},{"__type__":"cc.Button","node":{"__id__":51},"zoomScale":0.95,"_N$transition":3,"transition":3}],"_prefab":{"__type__":"cc.PrefabInfo","root":{"__id__":1},"asset":{"__uuid__":"8eRqR/vt9E1pTiim9LREXa"},"fileId":"aaGb0DFP1OJKTGb62uxa7f"},"_contentSize":{"__type__":"cc.Size","width":100,"height":100},"_position":{"__type__":"cc.Vec3","x":-411.883,"y":-134.74}},{"__type__":"cc.Node","_name":"KW_SHOW_NUM","_parent":{"__id__":51},"_level":3,"_components":[{"__type__":"cc.Label","node":{"__id__":52},"_materials":[{"__uuid__":"ecpdLyjvZBwrvm+cedCcQy"}],"_useOriginalSize":false,"_string":"8","_N$string":"8","_fontSize":60,"_N$horizontalAlign":1,"_N$verticalAlign":1}],"_prefab":{"__type__":"cc.PrefabInfo","root":{"__id__":1},"asset":{"__uuid__":"8eRqR/vt9E1pTiim9LREXa"},"fileId":"104LMfDIVKYIT6wn+BUc30"},"_color":{"__type__":"cc.Color","r":2},"_contentSize":{"__type__":"cc.Size","width":33.37,"height":50.4}},{"__type__":"cc.Node","_name":"KW_SHOW_NUM_BG_26","_parent":{"__id__":1},"_children":[{"__id__":54}],"_level":2,"_components":[{"__type__":"cc.Sprite","node":{"__id__":53},"_materials":[{"__uuid__":"ecpdLyjvZBwrvm+cedCcQy"}],"_spriteFrame":{"__uuid__":"a2MjXRFdtLlYQ5ouAFv/+R"},"_sizeMode":0},{"__type__":"cc.Button","node":{"__id__":53},"zoomScale":0.95,"_N$transition":3,"transition":3}],"_prefab":{"__type__":"cc.PrefabInfo","root":{"__id__":1},"asset":{"__uuid__":"8eRqR/vt9E1pTiim9LREXa"},"fileId":"5bNLcZx5lDbIxEgLsnDP/c"},"_contentSize":{"__type__":"cc.Size","width":100,"height":100},"_position":{"__type__":"cc.Vec3","x":-297.883,"y":-134.74}},{"__type__":"cc.Node","_name":"KW_SHOW_NUM","_parent":{"__id__":53},"_level":3,"_components":[{"__type__":"cc.Label","node":{"__id__":54},"_materials":[{"__uuid__":"ecpdLyjvZBwrvm+cedCcQy"}],"_useOriginalSize":false,"_string":"8","_N$string":"8","_fontSize":60,"_N$horizontalAlign":1,"_N$verticalAlign":1}],"_prefab":{"__type__":"cc.PrefabInfo","root":{"__id__":1},"asset":{"__uuid__":"8eRqR/vt9E1pTiim9LREXa"},"fileId":"f0Jayje4xJYqUVhDoUXmrk"},"_color":{"__type__":"cc.Color","r":2},"_contentSize":{"__type__":"cc.Size","width":33.37,"height":50.4}},{"__type__":"cc.Node","_name":"KW_SHOW_NUM_BG_27","_parent":{"__id__":1},"_children":[{"__id__":56}],"_level":2,"_components":[{"__type__":"cc.Sprite","node":{"__id__":55},"_materials":[{"__uuid__":"ecpdLyjvZBwrvm+cedCcQy"}],"_spriteFrame":{"__uuid__":"a2MjXRFdtLlYQ5ouAFv/+R"},"_sizeMode":0},{"__type__":"cc.Button","node":{"__id__":55},"zoomScale":0.95,"_N$transition":3,"transition":3}],"_prefab":{"__type__":"cc.PrefabInfo","root":{"__id__":1},"asset":{"__uuid__":"8eRqR/vt9E1pTiim9LREXa"},"fileId":"d4iDOKkxhF2r0bKzPG3cs7"},"_contentSize":{"__type__":"cc.Size","width":100,"height":100},"_position":{"__type__":"cc.Vec3","x":-183.883,"y":-134.74}},{"__type__":"cc.Node","_name":"KW_SHOW_NUM","_parent":{"__id__":55},"_level":3,"_components":[{"__type__":"cc.Label","node":{"__id__":56},"_materials":[{"__uuid__":"ecpdLyjvZBwrvm+cedCcQy"}],"_useOriginalSize":false,"_string":"8","_N$string":"8","_fontSize":60,"_N$horizontalAlign":1,"_N$verticalAlign":1}],"_prefab":{"__type__":"cc.PrefabInfo","root":{"__id__":1},"asset":{"__uuid__":"8eRqR/vt9E1pTiim9LREXa"},"fileId":"c9nfkbdz9Fx7Y+Q+O/mIsj"},"_color":{"__type__":"cc.Color","r":2},"_contentSize":{"__type__":"cc.Size","width":33.37,"height":50.4}},{"__type__":"cc.Node","_name":"KW_SHOW_NUM_BG_28","_parent":{"__id__":1},"_children":[{"__id__":58}],"_level":2,"_components":[{"__type__":"cc.Sprite","node":{"__id__":57},"_materials":[{"__uuid__":"ecpdLyjvZBwrvm+cedCcQy"}],"_spriteFrame":{"__uuid__":"a2MjXRFdtLlYQ5ouAFv/+R"},"_sizeMode":0},{"__type__":"cc.Button","node":{"__id__":57},"zoomScale":0.95,"_N$transition":3,"transition":3}],"_prefab":{"__type__":"cc.PrefabInfo","root":{"__id__":1},"asset":{"__uuid__":"8eRqR/vt9E1pTiim9LREXa"},"fileId":"f5VEd3IhNPm4fzxuH+5/gr"},"_contentSize":{"__type__":"cc.Size","width":100,"height":100},"_position":{"__type__":"cc.Vec3","x":-70.883,"y":-134.74}},{"__type__":"cc.Node","_name":"KW_SHOW_NUM","_parent":{"__id__":57},"_level":3,"_components":[{"__type__":"cc.Label","node":{"__id__":58},"_materials":[{"__uuid__":"ecpdLyjvZBwrvm+cedCcQy"}],"_useOriginalSize":false,"_string":"8","_N$string":"8","_fontSize":60,"_N$horizontalAlign":1,"_N$verticalAlign":1}],"_prefab":{"__type__":"cc.PrefabInfo","root":{"__id__":1},"asset":{"__uuid__":"8eRqR/vt9E1pTiim9LREXa"},"fileId":"12TNaeEYhMIb+MXWvqg00K"},"_color":{"__type__":"cc.Color","r":2},"_contentSize":{"__type__":"cc.Size","width":33.37,"height":50.4}},{"__type__":"cc.Node","_name":"KW_SHOW_NUM_BG_29","_parent":{"__id__":1},"_children":[{"__id__":60}],"_level":2,"_components":[{"__type__":"cc.Sprite","node":{"__id__":59},"_materials":[{"__uuid__":"ecpdLyjvZBwrvm+cedCcQy"}],"_spriteFrame":{"__uuid__":"a2MjXRFdtLlYQ5ouAFv/+R"},"_sizeMode":0},{"__type__":"cc.Button","node":{"__id__":59},"zoomScale":0.95,"_N$transition":3,"transition":3}],"_prefab":{"__type__":"cc.PrefabInfo","root":{"__id__":1},"asset":{"__uuid__":"8eRqR/vt9E1pTiim9LREXa"},"fileId":"faTSwpZ1tOW720MLRfVyGE"},"_contentSize":{"__type__":"cc.Size","width":100,"height":100},"_position":{"__type__":"cc.Vec3","x":43.117,"y":-134.74}},{"__type__":"cc.Node","_name":"KW_SHOW_NUM","_parent":{"__id__":59},"_level":3,"_components":[{"__type__":"cc.Label","node":{"__id__":60},"_materials":[{"__uuid__":"ecpdLyjvZBwrvm+cedCcQy"}],"_useOriginalSize":false,"_string":"8","_N$string":"8","_fontSize":60,"_N$horizontalAlign":1,"_N$verticalAlign":1}],"_prefab":{"__type__":"cc.PrefabInfo","root":{"__id__":1},"asset":{"__uuid__":"8eRqR/vt9E1pTiim9LREXa"},"fileId":"a4YA+fRzVPwJ2ARTl8lE36"},"_color":{"__type__":"cc.Color","r":2},"_contentSize":{"__type__":"cc.Size","width":33.37,"height":50.4}},{"__type__":"cc.Node","_name":"KW_SHOW_NUM_BG_30","_parent":{"__id__":1},"_children":[{"__id__":62}],"_level":2,"_components":[{"__type__":"cc.Sprite","node":{"__id__":61},"_materials":[{"__uuid__":"ecpdLyjvZBwrvm+cedCcQy"}],"_spriteFrame":{"__uuid__":"a2MjXRFdtLlYQ5ouAFv/+R"},"_sizeMode":0},{"__type__":"cc.Button","node":{"__id__":61},"zoomScale":0.95,"_N$transition":3,"transition":3}],"_prefab":{"__type__":"cc.PrefabInfo","root":{"__id__":1},"asset":{"__uuid__":"8eRqR/vt9E1pTiim9LREXa"},"fileId":"90CHfTWAhH0qMgBHiPOli1"},"_contentSize":{"__type__":"cc.Size","width":100,"height":100},"_position":{"__type__":"cc.Vec3","x":157.117,"y":-134.74}},{"__type__":"cc.Node","_name":"KW_SHOW_NUM","_parent":{"__id__":61},"_level":3,"_components":[{"__type__":"cc.Label","node":{"__id__":62},"_materials":[{"__uuid__":"ecpdLyjvZBwrvm+cedCcQy"}],"_useOriginalSize":false,"_string":"8","_N$string":"8","_fontSize":60,"_N$horizontalAlign":1,"_N$verticalAlign":1}],"_prefab":{"__type__":"cc.PrefabInfo","root":{"__id__":1},"asset":{"__uuid__":"8eRqR/vt9E1pTiim9LREXa"},"fileId":"47gEzi7JtJKL4uPtd07N8p"},"_color":{"__type__":"cc.Color","r":2},"_contentSize":{"__type__":"cc.Size","width":33.37,"height":50.4}},{"__type__":"cc.Node","_name":"KW_SHOW_NUM_BG_31","_parent":{"__id__":1},"_children":[{"__id__":64}],"_level":2,"_components":[{"__type__":"cc.Sprite","node":{"__id__":63},"_materials":[{"__uuid__":"ecpdLyjvZBwrvm+cedCcQy"}],"_spriteFrame":{"__uuid__":"a2MjXRFdtLlYQ5ouAFv/+R"},"_sizeMode":0},{"__type__":"cc.Button","node":{"__id__":63},"zoomScale":0.95,"_N$transition":3,"transition":3}],"_prefab":{"__type__":"cc.PrefabInfo","root":{"__id__":1},"asset":{"__uuid__":"8eRqR/vt9E1pTiim9LREXa"},"fileId":"04hJ+fhD5Jq4piVNMXZ2B3"},"_contentSize":{"__type__":"cc.Size","width":100,"height":100},"_position":{"__type__":"cc.Vec3","x":269.833,"y":-134.74}},{"__type__":"cc.Node","_name":"KW_SHOW_NUM","_parent":{"__id__":63},"_level":3,"_components":[{"__type__":"cc.Label","node":{"__id__":64},"_materials":[{"__uuid__":"ecpdLyjvZBwrvm+cedCcQy"}],"_useOriginalSize":false,"_string":"8","_N$string":"8","_fontSize":60,"_N$horizontalAlign":1,"_N$verticalAlign":1}],"_prefab":{"__type__":"cc.PrefabInfo","root":{"__id__":1},"asset":{"__uuid__":"8eRqR/vt9E1pTiim9LREXa"},"fileId":"2fejSpcE1IKpN1V+JWCqVG"},"_color":{"__type__":"cc.Color","r":2},"_contentSize":{"__type__":"cc.Size","width":33.37,"height":50.4}},{"__type__":"cc.Node","_name":"KW_SHOW_NUM_BG_32","_parent":{"__id__":1},"_children":[{"__id__":66}],"_level":2,"_components":[{"__type__":"cc.Sprite","node":{"__id__":65},"_materials":[{"__uuid__":"ecpdLyjvZBwrvm+cedCcQy"}],"_spriteFrame":{"__uuid__":"a2MjXRFdtLlYQ5ouAFv/+R"},"_sizeMode":0},{"__type__":"cc.Button","node":{"__id__":65},"zoomScale":0.95,"_N$transition":3,"transition":3}],"_prefab":{"__type__":"cc.PrefabInfo","root":{"__id__":1},"asset":{"__uuid__":"8eRqR/vt9E1pTiim9LREXa"},"fileId":"9cL43BijVP+7ACt1EI0Dlk"},"_contentSize":{"__type__":"cc.Size","width":100,"height":100},"_position":{"__type__":"cc.Vec3","x":394.05,"y":-134.74}},{"__type__":"cc.Node","_name":"KW_SHOW_NUM","_parent":{"__id__":65},"_level":3,"_components":[{"__type__":"cc.Label","node":{"__id__":66},"_materials":[{"__uuid__":"ecpdLyjvZBwrvm+cedCcQy"}],"_useOriginalSize":false,"_string":"8","_N$string":"8","_fontSize":60,"_N$horizontalAlign":1,"_N$verticalAlign":1}],"_prefab":{"__type__":"cc.PrefabInfo","root":{"__id__":1},"asset":{"__uuid__":"8eRqR/vt9E1pTiim9LREXa"},"fileId":"5d03eCv21LBbSUixpgMDvT"},"_color":{"__type__":"cc.Color","r":2},"_contentSize":{"__type__":"cc.Size","width":33.37,"height":50.4}}]