[{"__type__":"cc.Prefab","_name":"DialogGameResult","data":{"__id__":1}},{"__type__":"cc.Node","_name":"DialogGameResult","_children":[{"__id__":2},{"__id__":3}],"_level":1,"_components":[{"__type__":"cc.Sprite","node":{"__id__":1},"_materials":[{"__uuid__":"ecpdLyjvZBwrvm+cedCcQy"}],"_spriteFrame":{"__uuid__":"9bvaMerUlDyary99mJa6xp"},"_type":3,"_sizeMode":0},{"__type__":"cc.Layout","node":{"__id__":1},"_layoutSize":{"__type__":"cc.Size","width":1080,"height":1920}},{"__type__":"cc.Widget","node":{"__id__":1},"_alignFlags":45,"_originalWidth":960,"_originalHeight":300},{"__type__":"cc.BlockInputEvents","node":{"__id__":1}}],"_prefab":{"__type__":"cc.PrefabInfo","root":{"__id__":1},"asset":{"__uuid__":"c1mgB0K9xFBof22TU49YEK"},"fileId":"632XwjzEpGvqao9e/BugmL"},"_color":{"__type__":"cc.Color"},"_contentSize":{"__type__":"cc.Size","width":1080,"height":1920},"_position":{"__type__":"cc.Vec3","x":540,"y":960}},{"__type__":"cc.Node","_name":"KW_PANEL_MASK","_parent":{"__id__":1},"_level":2,"_components":[{"__type__":"cc.Sprite","node":{"__id__":2},"_materials":[{"__uuid__":"ecpdLyjvZBwrvm+cedCcQy"}],"_spriteFrame":{"__uuid__":"a2MjXRFdtLlYQ5ouAFv/+R"},"_sizeMode":0},{"__type__":"cc.Widget","node":{"__id__":2},"_alignFlags":45,"_originalWidth":1280,"_originalHeight":720},{"__type__":"cc.Button","node":{"__id__":2}}],"_prefab":{"__type__":"cc.PrefabInfo","root":{"__id__":1},"asset":{"__uuid__":"c1mgB0K9xFBof22TU49YEK"},"fileId":"a0PoYCYTRLDax3WwHuf2Gg"},"_opacity":150,"_color":{"__type__":"cc.Color"},"_contentSize":{"__type__":"cc.Size","width":1080,"height":1920}},{"__type__":"cc.Node","_name":"KW_PANE_BG","_parent":{"__id__":1},"_children":[{"__id__":4},{"__id__":6},{"__id__":8},{"__id__":9},{"__id__":10},{"__id__":11}],"_level":2,"_components":[{"__type__":"cc.Sprite","node":{"__id__":3},"_materials":[{"__uuid__":"ecpdLyjvZBwrvm+cedCcQy"}],"_spriteFrame":{"__uuid__":"e9UDVggP9D9qX+KyZuwqzt"},"_type":1,"_sizeMode":0},{"__type__":"cc.Widget","node":{"__id__":3},"_alignFlags":5,"_left":60,"_right":60,"_top":640,"_bottom":640,"_originalWidth":960,"_originalHeight":640},{"__type__":"cc.Button","node":{"__id__":3}}],"_prefab":{"__type__":"cc.PrefabInfo","root":{"__id__":1},"asset":{"__uuid__":"c1mgB0K9xFBof22TU49YEK"},"fileId":"24YS5JtD9DUYZZlbyZSZAs"},"_contentSize":{"__type__":"cc.Size","width":960,"height":640}},{"__type__":"cc.Node","_name":"KW_TITLE_BG","_parent":{"__id__":3},"_children":[{"__id__":5}],"_level":3,"_components":[{"__type__":"cc.Sprite","node":{"__id__":4},"_materials":[{"__uuid__":"ecpdLyjvZBwrvm+cedCcQy"}],"_spriteFrame":{"__uuid__":"b2vSKeRCNB9LEkaG8eM0KM"},"_sizeMode":0},{"__type__":"cc.Widget","node":{"__id__":4},"_alignFlags":41,"_left":115.39100000000002,"_right":117.60899999999998,"_top":-41.08800000000002,"_originalWidth":605}],"_prefab":{"__type__":"cc.PrefabInfo","root":{"__id__":1},"asset":{"__uuid__":"c1mgB0K9xFBof22TU49YEK"},"fileId":"5aptwxub1C06435LkaUObC"},"_contentSize":{"__type__":"cc.Size","width":519.2857142857143,"height":117},"_position":{"__type__":"cc.Vec3","x":-1.1089999999999804,"y":285.038},"_scale":{"__type__":"cc.Vec3","x":1.4,"y":1.3,"z":1}},{"__type__":"cc.Node","_name":"KW_TEXT_TITLE","_parent":{"__id__":4},"_level":4,"_components":[{"__type__":"cc.Label","node":{"__id__":5},"_materials":[{"__uuid__":"ecpdLyjvZBwrvm+cedCcQy"}],"_useOriginalSize":false,"_string":"结束","_N$string":"结束","_N$horizontalAlign":1,"_N$verticalAlign":1}],"_prefab":{"__type__":"cc.PrefabInfo","root":{"__id__":1},"asset":{"__uuid__":"c1mgB0K9xFBof22TU49YEK"},"fileId":"d86W5HhyRL2pFdXD8YaxqT"},"_contentSize":{"__type__":"cc.Size","width":80,"height":50.4},"_position":{"__type__":"cc.Vec3","y":0.666}},{"__type__":"cc.Node","_name":"KW_BTN_CLOSE","_parent":{"__id__":3},"_children":[{"__id__":7}],"_level":3,"_components":[{"__type__":"cc.Button","node":{"__id__":6},"zoomScale":0.9,"_N$transition":3,"transition":3,"_N$normalColor":{"__type__":"cc.Color","r":230,"g":230,"b":230},"_N$pressedColor":{"__type__":"cc.Color","r":200,"g":200,"b":200},"pressedColor":{"__type__":"cc.Color","r":200,"g":200,"b":200},"_N$disabledColor":{"__type__":"cc.Color","r":120,"g":120,"b":120,"a":200},"_N$normalSprite":{"__uuid__":"f0BIwQ8D5Ml7nTNQbh1YlS"},"_N$pressedSprite":{"__uuid__":"e97GVMl6JHh5Ml5qEDdSGa"},"pressedSprite":{"__uuid__":"e97GVMl6JHh5Ml5qEDdSGa"},"_N$hoverSprite":{"__uuid__":"f0BIwQ8D5Ml7nTNQbh1YlS"},"hoverSprite":{"__uuid__":"f0BIwQ8D5Ml7nTNQbh1YlS"},"_N$disabledSprite":{"__uuid__":"29FYIk+N1GYaeWH/q1NxQO"},"_N$target":{"__id__":7}},{"__type__":"cc.Widget","node":{"__id__":6},"_alignFlags":33,"_right":8.910000000000025,"_top":35.03899999999999}],"_prefab":{"__type__":"cc.PrefabInfo","root":{"__id__":1},"asset":{"__uuid__":"c1mgB0K9xFBof22TU49YEK"},"fileId":"a3I+SLU9tLZ4rVpBEogTFl"},"_contentSize":{"__type__":"cc.Size","width":50,"height":50},"_position":{"__type__":"cc.Vec3","x":421.09,"y":234.961},"_scale":{"__type__":"cc.Vec3","x":2,"y":2,"z":1}},{"__type__":"cc.Node","_name":"KW_IMG_BTN","_parent":{"__id__":6},"_level":4,"_components":[{"__type__":"cc.Sprite","node":{"__id__":7},"_materials":[{"__uuid__":"ecpdLyjvZBwrvm+cedCcQy"}],"_spriteFrame":{"__uuid__":"1ca3x0gQpG+52W3I/3f8Rc"}}],"_prefab":{"__type__":"cc.PrefabInfo","root":{"__id__":1},"asset":{"__uuid__":"c1mgB0K9xFBof22TU49YEK"},"fileId":"87WAzxGY5GLpxJIBM1E8dW"},"_contentSize":{"__type__":"cc.Size","width":45,"height":44}},{"__type__":"cc.Node","_name":"KW_UI_LABEL_SCORE","_parent":{"__id__":3},"_level":3,"_components":[{"__type__":"cc.Label","node":{"__id__":8},"_materials":[{"__uuid__":"ecpdLyjvZBwrvm+cedCcQy"}],"_useOriginalSize":false,"_string":"testxxxx: 分数:+1   金币+100\ntestnnnn: 分数:-1   金币-100","_N$string":"testxxxx: 分数:+1   金币+100\ntestnnnn: 分数:-1   金币-100","_fontSize":60,"_lineHeight":60,"_N$horizontalAlign":1,"_N$verticalAlign":1,"_N$overflow":2},{"__type__":"cc.Widget","node":{"__id__":8},"_alignFlags":40,"_left":49,"_right":51,"_top":216.541,"_originalWidth":800}],"_prefab":{"__type__":"cc.PrefabInfo","root":{"__id__":1},"asset":{"__uuid__":"c1mgB0K9xFBof22TU49YEK"},"fileId":"e6mxBOc/dAu6jn0R3/zxWN"},"_color":{"__type__":"cc.Color","r":255,"g":204},"_contentSize":{"__type__":"cc.Size","width":860,"height":250},"_position":{"__type__":"cc.Vec3","x":-1,"y":-42.894}},{"__type__":"cc.Node","_name":"KW_UI_LABEL_REWARD","_parent":{"__id__":3},"_active":false,"_level":3,"_components":[{"__type__":"cc.Label","node":{"__id__":9},"_materials":[{"__uuid__":"ecpdLyjvZBwrvm+cedCcQy"}],"_useOriginalSize":false,"_string":"testxxx:+100\ntestxxx:-100","_N$string":"testxxx:+100\ntestxxx:-100","_fontSize":60,"_lineHeight":60,"_N$horizontalAlign":1,"_N$verticalAlign":1,"_N$overflow":2},{"__type__":"cc.Widget","node":{"__id__":9},"_alignFlags":40,"_left":49,"_right":51,"_top":216.541,"_originalWidth":800}],"_prefab":{"__type__":"cc.PrefabInfo","root":{"__id__":1},"asset":{"__uuid__":"c1mgB0K9xFBof22TU49YEK"},"fileId":"25z3X5dCVHmYaWzuO6SWsc"},"_color":{"__type__":"cc.Color","r":20,"g":255,"b":10},"_contentSize":{"__type__":"cc.Size","width":860,"height":250},"_position":{"__type__":"cc.Vec3","x":-1,"y":-37.572}},{"__type__":"cc.Node","_name":"KW_UI_LABEL_TIP","_parent":{"__id__":3},"_level":3,"_components":[{"__type__":"cc.Label","node":{"__id__":10},"_materials":[{"__uuid__":"ecpdLyjvZBwrvm+cedCcQy"}],"_useOriginalSize":false,"_string":"点击屏幕继续","_N$string":"点击屏幕继续","_lineHeight":60,"_N$horizontalAlign":1,"_N$verticalAlign":1,"_N$overflow":2},{"__type__":"cc.Widget","node":{"__id__":10},"_alignFlags":40,"_left":49,"_right":51,"_top":216.541,"_originalWidth":800}],"_prefab":{"__type__":"cc.PrefabInfo","root":{"__id__":1},"asset":{"__uuid__":"c1mgB0K9xFBof22TU49YEK"},"fileId":"64Zu/vU6VNQpnVOEhyG/Ml"},"_opacity":188,"_contentSize":{"__type__":"cc.Size","width":860,"height":100},"_position":{"__type__":"cc.Vec3","x":-1,"y":-401.589}},{"__type__":"cc.Node","_name":"KW_UI_IMG_REWARD","_parent":{"__id__":3},"_active":false,"_level":3,"_components":[{"__type__":"cc.Sprite","node":{"__id__":11},"_materials":[{"__uuid__":"ecpdLyjvZBwrvm+cedCcQy"}],"_spriteFrame":{"__uuid__":"ee2bL+kVtF1YRbkppTpbVW"}}],"_prefab":{"__type__":"cc.PrefabInfo","root":{"__id__":1},"asset":{"__uuid__":"c1mgB0K9xFBof22TU49YEK"},"fileId":"323lq68NRCFJByIvw6TIXL"},"_contentSize":{"__type__":"cc.Size","width":86,"height":93}}]