[{"__type__":"cc.Prefab","_name":"DialogBallCenter","data":{"__id__":1}},{"__type__":"cc.Node","_name":"DialogBallCenter","_children":[{"__id__":2},{"__id__":3}],"_level":1,"_components":[{"__type__":"cc.Sprite","_name":"DialogBallCenter<Sprite>","node":{"__id__":1},"_materials":[{"__uuid__":"ecpdLyjvZBwrvm+cedCcQy"}],"_spriteFrame":{"__uuid__":"9bvaMerUlDyary99mJa6xp"},"_type":3,"_sizeMode":0},{"__type__":"cc.Layout","node":{"__id__":1},"_layoutSize":{"__type__":"cc.Size","width":1080,"height":1920}},{"__type__":"cc.Widget","node":{"__id__":1},"_alignFlags":45,"_originalWidth":960,"_originalHeight":300},{"__type__":"cc.BlockInputEvents","node":{"__id__":1}}],"_prefab":{"__type__":"cc.PrefabInfo","root":{"__id__":1},"asset":{"__uuid__":"c15HAARoNH9L/TE5zCUtRg"},"fileId":"632XwjzEpGvqao9e/BugmL"},"_color":{"__type__":"cc.Color"},"_contentSize":{"__type__":"cc.Size","width":1080,"height":1920},"_position":{"__type__":"cc.Vec3","x":540,"y":960}},{"__type__":"cc.Node","_name":"KW_PANEL_MASK","_parent":{"__id__":1},"_level":2,"_components":[{"__type__":"cc.Sprite","_name":"KW_PANEL_MASK<Sprite>","node":{"__id__":2},"_materials":[{"__uuid__":"ecpdLyjvZBwrvm+cedCcQy"}],"_spriteFrame":{"__uuid__":"a2MjXRFdtLlYQ5ouAFv/+R"},"_sizeMode":0},{"__type__":"cc.Widget","node":{"__id__":2},"_alignFlags":45,"_originalWidth":1280,"_originalHeight":720}],"_prefab":{"__type__":"cc.PrefabInfo","root":{"__id__":1},"asset":{"__uuid__":"c15HAARoNH9L/TE5zCUtRg"},"fileId":"a0PoYCYTRLDax3WwHuf2Gg"},"_opacity":150,"_color":{"__type__":"cc.Color"},"_contentSize":{"__type__":"cc.Size","width":1080,"height":1920}},{"__type__":"cc.Node","_name":"KW_PANE_BG","_parent":{"__id__":1},"_children":[{"__id__":4},{"__id__":5},{"__id__":6},{"__id__":20},{"__id__":21},{"__id__":23},{"__id__":26}],"_level":2,"_components":[{"__type__":"cc.Widget","node":{"__id__":3},"_left":60,"_right":60,"_top":640,"_bottom":640,"_originalWidth":960,"_originalHeight":640}],"_prefab":{"__type__":"cc.PrefabInfo","root":{"__id__":1},"asset":{"__uuid__":"c15HAARoNH9L/TE5zCUtRg"},"fileId":"24YS5JtD9DUYZZlbyZSZAs"},"_contentSize":{"__type__":"cc.Size","width":1080,"height":1920}},{"__type__":"cc.Node","_name":"KW_TEXT_TITLE","_parent":{"__id__":3},"_level":3,"_components":[{"__type__":"cc.Label","_name":"KW_TEXT_TITLE<Label>","node":{"__id__":4},"_materials":[{"__uuid__":"ecpdLyjvZBwrvm+cedCcQy"}],"_useOriginalSize":false,"_string":"请选中弹珠进行合成","_N$string":"请选中弹珠进行合成","_N$horizontalAlign":1,"_N$verticalAlign":1}],"_prefab":{"__type__":"cc.PrefabInfo","root":{"__id__":1},"asset":{"__uuid__":"c15HAARoNH9L/TE5zCUtRg"},"fileId":"e0AYR9nRpDULx6BqjcOZoe"},"_opacity":150,"_contentSize":{"__type__":"cc.Size","width":360,"height":50.4},"_position":{"__type__":"cc.Vec3","y":-537.678},"_scale":{"__type__":"cc.Vec3","x":1.4,"y":1.3,"z":1.4}},{"__type__":"cc.Node","_name":"KW_TEXT_TITLE_UNDO","_parent":{"__id__":3},"_level":3,"_components":[{"__type__":"cc.Label","_name":"KW_TEXT_TITLE<Label>","node":{"__id__":5},"_materials":[{"__uuid__":"ecpdLyjvZBwrvm+cedCcQy"}],"_useOriginalSize":false,"_string":"单击上方弹珠可取消选中","_N$string":"单击上方弹珠可取消选中","_N$horizontalAlign":1,"_N$verticalAlign":1}],"_prefab":{"__type__":"cc.PrefabInfo","root":{"__id__":1},"asset":{"__uuid__":"c15HAARoNH9L/TE5zCUtRg"},"fileId":"59tGpVKNBF6YCtXuRLQPQU"},"_opacity":150,"_color":{"__type__":"cc.Color","r":252,"g":212},"_contentSize":{"__type__":"cc.Size","width":440,"height":50.4},"_position":{"__type__":"cc.Vec3","y":488.352},"_scale":{"__type__":"cc.Vec3","x":1.4,"y":1.3,"z":1.4}},{"__type__":"cc.Node","_name":"KW_SCROLLVIEW_NEW","_parent":{"__id__":3},"_children":[{"__id__":7},{"__id__":15}],"_level":3,"_components":[{"__type__":"cc.Sprite","node":{"__id__":6},"_enabled":false,"_materials":[{"__uuid__":"ecpdLyjvZBwrvm+cedCcQy"}],"_spriteFrame":{"__uuid__":"9bvaMerUlDyary99mJa6xp"},"_type":1,"_sizeMode":0},{"__id__":19}],"_prefab":{"__type__":"cc.PrefabInfo","root":{"__id__":1},"asset":{"__uuid__":"c15HAARoNH9L/TE5zCUtRg"},"fileId":"fauXGPHqVA5ZsUJ+1qt9kp"},"_contentSize":{"__type__":"cc.Size","width":1080,"height":1500}},{"__type__":"cc.Node","_name":"view","_parent":{"__id__":6},"_children":[{"__id__":8}],"_components":[{"__type__":"cc.Mask","node":{"__id__":7},"_materials":[{"__uuid__":"ecpdLyjvZBwrvm+cedCcQy"}]}],"_prefab":{"__type__":"cc.PrefabInfo","root":{"__id__":1},"asset":{"__uuid__":"c15HAARoNH9L/TE5zCUtRg"},"fileId":"f288McL6BAgaYfnNz4gXmy"},"_contentSize":{"__type__":"cc.Size","width":1080,"height":1500}},{"__type__":"cc.Node","_name":"content","_parent":{"__id__":7},"_children":[{"__id__":9}],"_components":[{"__type__":"cc.Sprite","node":{"__id__":8},"_enabled":false,"_materials":[{"__uuid__":"ecpdLyjvZBwrvm+cedCcQy"}],"_spriteFrame":{"__uuid__":"a2MjXRFdtLlYQ5ouAFv/+R"},"_sizeMode":0},{"__type__":"cc.Layout","node":{"__id__":8},"_enabled":false,"_layoutSize":{"__type__":"cc.Size","width":1080,"height":230},"_resize":1,"_N$layoutType":2}],"_prefab":{"__type__":"cc.PrefabInfo","root":{"__id__":1},"asset":{"__uuid__":"c15HAARoNH9L/TE5zCUtRg"},"fileId":"b1onSn+/9LLaXIioDMPC0x"},"_color":{"__type__":"cc.Color","r":114,"g":105,"b":105},"_contentSize":{"__type__":"cc.Size","width":1080,"height":1500}},{"__type__":"cc.Node","_name":"KW_LAYOUT","_parent":{"__id__":8},"_children":[{"__id__":10},{"__id__":11},{"__id__":12},{"__id__":13},{"__id__":14}],"_level":1,"_components":[{"__type__":"cc.Sprite","node":{"__id__":9},"_enabled":false,"_materials":[{"__uuid__":"ecpdLyjvZBwrvm+cedCcQy"}],"_spriteFrame":{"__uuid__":"9bvaMerUlDyary99mJa6xp"},"_type":1,"_sizeMode":0},{"__type__":"cc.Layout","node":{"__id__":9},"_layoutSize":{"__type__":"cc.Size","width":1080,"height":230},"_resize":1,"_N$layoutType":3,"_N$spacingX":10,"_N$spacingY":10}],"_prefab":{"__type__":"cc.PrefabInfo","root":{"__id__":1},"asset":{"__uuid__":"c15HAARoNH9L/TE5zCUtRg"},"fileId":"03JDcjrUxJH50Rs5lhR7yh"},"_color":{"__type__":"cc.Color","r":213,"g":191,"b":191},"_contentSize":{"__type__":"cc.Size","width":1080,"height":230}},{"__type__":"cc.Node","_name":"NODE_ITEM","_parent":{"__id__":9},"_level":2,"_components":[{"__type__":"cc.Sprite","node":{"__id__":10},"_materials":[{"__uuid__":"ecpdLyjvZBwrvm+cedCcQy"}],"_spriteFrame":{"__uuid__":"a2MjXRFdtLlYQ5ouAFv/+R"},"_sizeMode":0}],"_prefab":{"__type__":"cc.PrefabInfo","root":{"__id__":1},"asset":{"__uuid__":"c15HAARoNH9L/TE5zCUtRg"},"fileId":"96swJuLxxKOoLynbxVGTuK"},"_color":{"__type__":"cc.Color","r":255},"_contentSize":{"__type__":"cc.Size","width":200,"height":230},"_position":{"__type__":"cc.Vec3","x":-440}},{"__type__":"cc.Node","_name":"NODE_ITEM","_parent":{"__id__":9},"_level":2,"_components":[{"__type__":"cc.Sprite","node":{"__id__":11},"_materials":[{"__uuid__":"ecpdLyjvZBwrvm+cedCcQy"}],"_spriteFrame":{"__uuid__":"a2MjXRFdtLlYQ5ouAFv/+R"},"_sizeMode":0}],"_prefab":{"__type__":"cc.PrefabInfo","root":{"__id__":1},"asset":{"__uuid__":"c15HAARoNH9L/TE5zCUtRg"},"fileId":"c01AXuHwNFq4SWcUNUYuz1"},"_color":{"__type__":"cc.Color","r":255},"_contentSize":{"__type__":"cc.Size","width":200,"height":230},"_position":{"__type__":"cc.Vec3","x":-230}},{"__type__":"cc.Node","_name":"NODE_ITEM","_parent":{"__id__":9},"_level":2,"_components":[{"__type__":"cc.Sprite","node":{"__id__":12},"_materials":[{"__uuid__":"ecpdLyjvZBwrvm+cedCcQy"}],"_spriteFrame":{"__uuid__":"a2MjXRFdtLlYQ5ouAFv/+R"},"_sizeMode":0}],"_prefab":{"__type__":"cc.PrefabInfo","root":{"__id__":1},"asset":{"__uuid__":"c15HAARoNH9L/TE5zCUtRg"},"fileId":"267AEuYplExJnc1sZ8WsT2"},"_color":{"__type__":"cc.Color","r":255},"_contentSize":{"__type__":"cc.Size","width":200,"height":230},"_position":{"__type__":"cc.Vec3","x":-20}},{"__type__":"cc.Node","_name":"NODE_ITEM","_parent":{"__id__":9},"_level":2,"_components":[{"__type__":"cc.Sprite","node":{"__id__":13},"_materials":[{"__uuid__":"ecpdLyjvZBwrvm+cedCcQy"}],"_spriteFrame":{"__uuid__":"a2MjXRFdtLlYQ5ouAFv/+R"},"_sizeMode":0}],"_prefab":{"__type__":"cc.PrefabInfo","root":{"__id__":1},"asset":{"__uuid__":"c15HAARoNH9L/TE5zCUtRg"},"fileId":"97eCDhSFhOLYzC27AxLr49"},"_color":{"__type__":"cc.Color","r":255},"_contentSize":{"__type__":"cc.Size","width":200,"height":230},"_position":{"__type__":"cc.Vec3","x":190}},{"__type__":"cc.Node","_name":"NODE_ITEM","_parent":{"__id__":9},"_level":2,"_components":[{"__type__":"cc.Sprite","node":{"__id__":14},"_materials":[{"__uuid__":"ecpdLyjvZBwrvm+cedCcQy"}],"_spriteFrame":{"__uuid__":"a2MjXRFdtLlYQ5ouAFv/+R"},"_sizeMode":0}],"_prefab":{"__type__":"cc.PrefabInfo","root":{"__id__":1},"asset":{"__uuid__":"c15HAARoNH9L/TE5zCUtRg"},"fileId":"aaedXEOodI+poCsyAaMkcv"},"_color":{"__type__":"cc.Color","r":255},"_contentSize":{"__type__":"cc.Size","width":200,"height":230},"_position":{"__type__":"cc.Vec3","x":400}},{"__type__":"cc.Node","_name":"scrollBar","_parent":{"__id__":6},"_children":[{"__id__":16}],"_components":[{"__id__":18},{"__type__":"cc.Widget","node":{"__id__":15},"alignMode":0,"_alignFlags":37,"_left":350.07654921020657,"_originalHeight":237},{"__type__":"cc.Sprite","node":{"__id__":15},"_materials":[{"__uuid__":"ecpdLyjvZBwrvm+cedCcQy"}],"_spriteFrame":{"__uuid__":"5f5dyqtRNNxaFmVzYns6FZ"},"_type":1,"_sizeMode":0}],"_prefab":{"__type__":"cc.PrefabInfo","root":{"__id__":1},"asset":{"__uuid__":"c15HAARoNH9L/TE5zCUtRg"},"fileId":"06JviBmzFPfYBiVxaSdka5"},"_contentSize":{"__type__":"cc.Size","width":30,"height":1500},"_anchorPoint":{"__type__":"cc.Vec2","x":1,"y":0.5},"_position":{"__type__":"cc.Vec3","x":540}},{"__type__":"cc.Node","_name":"bar","_parent":{"__id__":15},"_components":[{"__id__":17}],"_prefab":{"__type__":"cc.PrefabInfo","root":{"__id__":1},"asset":{"__uuid__":"c15HAARoNH9L/TE5zCUtRg"},"fileId":"36qGMpLYRPZZVV0HVDXYhX"},"_contentSize":{"__type__":"cc.Size","width":30,"height":50},"_anchorPoint":{"__type__":"cc.Vec2","x":1},"_position":{"__type__":"cc.Vec3","x":-1}},{"__type__":"cc.Sprite","node":{"__id__":16},"_materials":[{"__uuid__":"ecpdLyjvZBwrvm+cedCcQy"}],"_spriteFrame":{"__uuid__":"5cO7kybDxGj4ipyMYdRYZB"},"_type":1,"_sizeMode":0},{"__type__":"cc.Scrollbar","node":{"__id__":15},"_scrollView":{"__id__":19},"_N$handle":{"__id__":17},"_N$direction":1},{"__type__":"cc.ScrollView","node":{"__id__":6},"horizontal":false,"brake":0.75,"bounceDuration":0.23,"_N$content":{"__id__":8},"content":{"__id__":8},"_N$horizontalScrollBar":null,"_N$verticalScrollBar":{"__id__":18}},{"__type__":"cc.Node","_name":"KW_LAYOUT_COMPOSE","_parent":{"__id__":3},"_level":3,"_components":[{"__type__":"cc.Sprite","node":{"__id__":20},"_enabled":false,"_materials":[{"__uuid__":"ecpdLyjvZBwrvm+cedCcQy"}],"_spriteFrame":{"__uuid__":"9bvaMerUlDyary99mJa6xp"},"_type":1,"_sizeMode":0},{"__type__":"cc.Layout","node":{"__id__":20},"_layoutSize":{"__type__":"cc.Size","width":640,"height":230},"_N$layoutType":1,"_N$paddingLeft":10,"_N$paddingRight":10,"_N$spacingX":10}],"_prefab":{"__type__":"cc.PrefabInfo","root":{"__id__":1},"asset":{"__uuid__":"c15HAARoNH9L/TE5zCUtRg"},"fileId":"9eq6lmdvpIeLd2sQUZ7Nkk"},"_opacity":180,"_contentSize":{"__type__":"cc.Size","width":640,"height":230},"_position":{"__type__":"cc.Vec3","y":648.408}},{"__type__":"cc.Node","_name":"KW_BTN_CLOSE","_parent":{"__id__":3},"_children":[{"__id__":22}],"_level":3,"_components":[{"__type__":"cc.Button","node":{"__id__":21},"zoomScale":0.9,"_N$transition":3,"transition":3,"_N$normalColor":{"__type__":"cc.Color","r":230,"g":230,"b":230},"_N$pressedColor":{"__type__":"cc.Color","r":200,"g":200,"b":200},"pressedColor":{"__type__":"cc.Color","r":200,"g":200,"b":200},"_N$disabledColor":{"__type__":"cc.Color","r":120,"g":120,"b":120,"a":200},"_N$normalSprite":{"__uuid__":"f0BIwQ8D5Ml7nTNQbh1YlS"},"_N$pressedSprite":{"__uuid__":"e97GVMl6JHh5Ml5qEDdSGa"},"pressedSprite":{"__uuid__":"e97GVMl6JHh5Ml5qEDdSGa"},"_N$hoverSprite":{"__uuid__":"f0BIwQ8D5Ml7nTNQbh1YlS"},"hoverSprite":{"__uuid__":"f0BIwQ8D5Ml7nTNQbh1YlS"},"_N$disabledSprite":{"__uuid__":"29FYIk+N1GYaeWH/q1NxQO"},"_N$target":{"__id__":22}},{"__type__":"cc.Widget","node":{"__id__":21},"_alignFlags":33,"_right":83.60200000000009,"_top":1715.06}],"_prefab":{"__type__":"cc.PrefabInfo","root":{"__id__":1},"asset":{"__uuid__":"c15HAARoNH9L/TE5zCUtRg"},"fileId":"94mqOz0ptKFK3Xv7luK5mc"},"_contentSize":{"__type__":"cc.Size","width":50,"height":50},"_position":{"__type__":"cc.Vec3","x":381.3979999999999,"y":-830.06},"_scale":{"__type__":"cc.Vec3","x":3,"y":3,"z":3}},{"__type__":"cc.Node","_name":"KW_IMG_BTN","_parent":{"__id__":21},"_level":4,"_components":[{"__type__":"cc.Sprite","_name":"KW_IMG_BTN<Sprite>","node":{"__id__":22},"_materials":[{"__uuid__":"ecpdLyjvZBwrvm+cedCcQy"}],"_spriteFrame":{"__uuid__":"1ca3x0gQpG+52W3I/3f8Rc"}}],"_prefab":{"__type__":"cc.PrefabInfo","root":{"__id__":1},"asset":{"__uuid__":"c15HAARoNH9L/TE5zCUtRg"},"fileId":"faoFGiGiJLXqaGKWOPFs1Y"},"_contentSize":{"__type__":"cc.Size","width":45,"height":44}},{"__type__":"cc.Node","_name":"KW_BTN_COMPOSE","_parent":{"__id__":3},"_children":[{"__id__":24}],"_level":3,"_components":[{"__type__":"cc.Button","node":{"__id__":23},"zoomScale":0.9,"_N$transition":3,"transition":3,"_N$normalColor":{"__type__":"cc.Color","r":230,"g":230,"b":230},"_N$pressedColor":{"__type__":"cc.Color","r":200,"g":200,"b":200},"pressedColor":{"__type__":"cc.Color","r":200,"g":200,"b":200},"_N$disabledColor":{"__type__":"cc.Color","r":120,"g":120,"b":120,"a":200},"_N$normalSprite":{"__uuid__":"f0BIwQ8D5Ml7nTNQbh1YlS"},"_N$pressedSprite":{"__uuid__":"e97GVMl6JHh5Ml5qEDdSGa"},"pressedSprite":{"__uuid__":"e97GVMl6JHh5Ml5qEDdSGa"},"_N$hoverSprite":{"__uuid__":"f0BIwQ8D5Ml7nTNQbh1YlS"},"hoverSprite":{"__uuid__":"f0BIwQ8D5Ml7nTNQbh1YlS"},"_N$disabledSprite":{"__uuid__":"29FYIk+N1GYaeWH/q1NxQO"},"_N$target":{"__id__":24}},{"__type__":"cc.Widget","node":{"__id__":23},"_alignFlags":33,"_right":157.84200000000004,"_top":1573.75}],"_prefab":{"__type__":"cc.PrefabInfo","root":{"__id__":1},"asset":{"__uuid__":"c15HAARoNH9L/TE5zCUtRg"},"fileId":"8e8VxljpxE9Io1FwrbjS/J"},"_contentSize":{"__type__":"cc.Size","width":209,"height":75},"_position":{"__type__":"cc.Vec3","x":225.40799999999996,"y":-670},"_scale":{"__type__":"cc.Vec3","x":1.5,"y":1.5,"z":1}},{"__type__":"cc.Node","_name":"KW_IMG_BTN","_parent":{"__id__":23},"_children":[{"__id__":25}],"_level":4,"_components":[{"__type__":"cc.Sprite","_name":"KW_IMG_BTN<Sprite>","node":{"__id__":24},"_materials":[{"__uuid__":"ecpdLyjvZBwrvm+cedCcQy"}],"_spriteFrame":{"__uuid__":"09xc9bhtpAsZWb0oNkFSCP"}}],"_prefab":{"__type__":"cc.PrefabInfo","root":{"__id__":1},"asset":{"__uuid__":"c15HAARoNH9L/TE5zCUtRg"},"fileId":"d7v9gWEAlH75SG2SyAFDSF"},"_contentSize":{"__type__":"cc.Size","width":209,"height":75}},{"__type__":"cc.Node","_name":"New Label","_parent":{"__id__":24},"_level":5,"_components":[{"__type__":"cc.Label","node":{"__id__":25},"_materials":[{"__uuid__":"ecpdLyjvZBwrvm+cedCcQy"}],"_useOriginalSize":false,"_string":"合成","_N$string":"合成","_N$horizontalAlign":1,"_N$verticalAlign":1}],"_prefab":{"__type__":"cc.PrefabInfo","root":{"__id__":1},"asset":{"__uuid__":"c15HAARoNH9L/TE5zCUtRg"},"fileId":"bb6tj39GBLQKkowoH/USeU"},"_contentSize":{"__type__":"cc.Size","width":80,"height":50.4},"_position":{"__type__":"cc.Vec3","y":4.404}},{"__type__":"cc.Node","_name":"KW_BTN_UNDO","_parent":{"__id__":3},"_children":[{"__id__":27}],"_level":3,"_components":[{"__type__":"cc.Button","node":{"__id__":26},"zoomScale":0.9,"_N$transition":3,"transition":3,"_N$normalColor":{"__type__":"cc.Color","r":230,"g":230,"b":230},"_N$pressedColor":{"__type__":"cc.Color","r":200,"g":200,"b":200},"pressedColor":{"__type__":"cc.Color","r":200,"g":200,"b":200},"_N$disabledColor":{"__type__":"cc.Color","r":120,"g":120,"b":120,"a":200},"_N$normalSprite":{"__uuid__":"f0BIwQ8D5Ml7nTNQbh1YlS"},"_N$pressedSprite":{"__uuid__":"e97GVMl6JHh5Ml5qEDdSGa"},"pressedSprite":{"__uuid__":"e97GVMl6JHh5Ml5qEDdSGa"},"_N$hoverSprite":{"__uuid__":"f0BIwQ8D5Ml7nTNQbh1YlS"},"hoverSprite":{"__uuid__":"f0BIwQ8D5Ml7nTNQbh1YlS"},"_N$disabledSprite":{"__uuid__":"29FYIk+N1GYaeWH/q1NxQO"},"_N$target":{"__id__":27}},{"__type__":"cc.Widget","node":{"__id__":26},"_alignFlags":33,"_right":624.501,"_top":1573.75}],"_prefab":{"__type__":"cc.PrefabInfo","root":{"__id__":1},"asset":{"__uuid__":"c15HAARoNH9L/TE5zCUtRg"},"fileId":"538P56XCBLhJ+ahjzYNgas"},"_contentSize":{"__type__":"cc.Size","width":209,"height":75},"_position":{"__type__":"cc.Vec3","x":-241.25099999999998,"y":-670},"_scale":{"__type__":"cc.Vec3","x":1.5,"y":1.5,"z":1}},{"__type__":"cc.Node","_name":"KW_IMG_BTN","_parent":{"__id__":26},"_children":[{"__id__":28}],"_level":4,"_components":[{"__type__":"cc.Sprite","_name":"KW_IMG_BTN<Sprite>","node":{"__id__":27},"_materials":[{"__uuid__":"ecpdLyjvZBwrvm+cedCcQy"}],"_spriteFrame":{"__uuid__":"09xc9bhtpAsZWb0oNkFSCP"}}],"_prefab":{"__type__":"cc.PrefabInfo","root":{"__id__":1},"asset":{"__uuid__":"c15HAARoNH9L/TE5zCUtRg"},"fileId":"f12gHfEIdD4K09XCUAYz3z"},"_contentSize":{"__type__":"cc.Size","width":209,"height":75}},{"__type__":"cc.Node","_name":"New Label","_parent":{"__id__":27},"_level":5,"_components":[{"__type__":"cc.Label","node":{"__id__":28},"_materials":[{"__uuid__":"ecpdLyjvZBwrvm+cedCcQy"}],"_useOriginalSize":false,"_string":"重置","_N$string":"重置","_N$horizontalAlign":1,"_N$verticalAlign":1}],"_prefab":{"__type__":"cc.PrefabInfo","root":{"__id__":1},"asset":{"__uuid__":"c15HAARoNH9L/TE5zCUtRg"},"fileId":"096W1LEWxHrbnIPrLBYROa"},"_contentSize":{"__type__":"cc.Size","width":80,"height":50.4},"_position":{"__type__":"cc.Vec3","y":4.404}}]